{"type":"FeatureCollection","features":[{"type":"Feature","id":1,"geometry":{"type":"LineString","coordinates":[[59.721359754000048,36.319514824000066],[59.721309935000079,36.319556504000047],[59.721214218000057,36.319627746000037],[59.721113523000042,36.319694346000063],[59.721008195000081,36.319756074000054],[59.720898593000072,36.319812719000026],[59.718934564000051,36.320763577000037],[59.718900284000028,36.320779838000078],[59.714163694000035,36.322980856000072],[59.71348320900006,36.323305061000042],[59.713459760000035,36.323316078000062],[59.713391508000029,36.323346426000057],[59.712481654000044,36.323734375000072],[59.71236263000003,36.323781519000079],[59.712240349000069,36.323822848000077],[59.712115246000053,36.323858218000055],[59.71198776500006,36.323887502000048],[59.71185835700004,36.323910598000055],[59.711727479000047,36.323927423000043],[59.711356896000041,36.323965953000027],[59.711222987000042,36.323976559000073],[59.71108853100003,36.323980600000027],[59.710954018000052,36.323978062000037],[59.710819940000079,36.323968953000076],[59.710686788000032,36.323953309000046],[59.710555045000035,36.323931185000049],[59.70742798100008,36.323325695000051],[59.705568870000036,36.322992480000039]]},"properties":{"OBJECTID":1,"Name":"Placemark","FolderPath":"Temporary Places/حریم 200 متری گاز/Harim200_Gaz_Project","SymbolID":0,"AltMode":0,"Base":0,"Clamped":-1,"Extruded":0,"Snippet":"","PopupInfo":"\u003chtml xmlns:fo=\"http://www.w3.org/1999/XSL/Format\" xmlns:msxsl=\"urn:schemas-microsoft-com:xslt\"\u003e\n\n\u003chead\u003e\n\n\u003cMETA http-equiv=\"Content-Type\" content=\"text/html\"\u003e\n\n\u003cmeta http-equiv=\"content-type\" content=\"text/html; charset=UTF-8\"\u003e\n\n\u003c/head\u003e\n\n\u003cbody style=\"margin:0px 0px 0px 0px;overflow:auto;background:#FFFFFF;\"\u003e\n\n\u003ctable style=\"font-family:Arial,Verdana,Times;font-size:12px;text-align:left;width:100%;border-collapse:collapse;padding:3px 3px 3px 3px\"\u003e\n\n\u003ctr style=\"text-align:center;font-weight:bold;background:#9CBCE2\"\u003e\n\n\u003ctd\u003e\u003c/td\u003e\n\n\u003c/tr\u003e\n\n\u003ctr\u003e\n\n\u003ctd\u003e\n\n\u003ctable style=\"font-family:Arial,Verdana,Times;font-size:12px;text-align:left;width:100%;border-spacing:0px; padding:3px 3px 3px 3px\"\u003e\n\n\u003ctr\u003e\n\n\u003ctd\u003eEntity\u003c/td\u003e\n\n\u003ctd\u003eLWPolyline\u003c/td\u003e\n\n\u003c/tr\u003e\n\n\u003ctr bgcolor=\"#D4E4F3\"\u003e\n\n\u003ctd\u003eLayer\u003c/td\u003e\n\n\u003ctd\u003e36_new_buffer\u003c/td\u003e\n\n\u003c/tr\u003e\n\n\u003ctr\u003e\n\n\u003ctd\u003eColor\u003c/td\u003e\n\n\u003ctd\u003e30\u003c/td\u003e\n\n\u003c/tr\u003e\n\n\u003ctr bgcolor=\"#D4E4F3\"\u003e\n\n\u003ctd\u003eLinetype\u003c/td\u003e\n\n\u003ctd\u003eContinuous\u003c/td\u003e\n\n\u003c/tr\u003e\n\n\u003ctr\u003e\n\n\u003ctd\u003eElevation\u003c/td\u003e\n\n\u003ctd\u003e0\u003c/td\u003e\n\n\u003c/tr\u003e\n\n\u003ctr bgcolor=\"#D4E4F3\"\u003e\n\n\u003ctd\u003eLineWt\u003c/td\u003e\n\n\u003ctd\u003e25\u003c/td\u003e\n\n\u003c/tr\u003e\n\n\u003ctr\u003e\n\n\u003ctd\u003eRefName\u003c/td\u003e\n\n\u003ctd\u003e\u003c/td\u003e\n\n\u003c/tr\u003e\n\n\u003c/table\u003e\n\n\u003c/td\u003e\n\n\u003c/tr\u003e\n\n\u003c/table\u003e\n\n\u003c/body\u003e\n\n\u003c/html\u003e","Shape_Length":0.016870182317512625}},{"type":"Feature","id":2,"geometry":{"type":"LineString","coordinates":[[59.718422254000075,36.316720058000044],[59.718427883000061,36.316714137000076],[59.718494854000028,36.316647095000064],[59.718565710000064,36.316582721000032],[59.718640289000064,36.31652116500004],[59.718751095000073,36.316433980000056],[59.718831905000059,36.316373471000077],[59.718916310000054,36.316316268000037],[59.719088919000058,36.316205048000029],[59.719186107000041,36.316145862000042],[59.719287142000042,36.31609105900003],[59.719391726000083,36.316040804000068],[59.723037916000067,36.314395933000071],[59.723079999000049,36.314377427000068],[59.723196491000067,36.314327648000074],[59.723202774000072,36.314324963000047],[59.723252337000076,36.31430378400006],[59.723260061000076,36.314300483000068],[59.723384698000075,36.314251182000078],[59.723512887000027,36.314208260000044],[59.723644130000082,36.31417188100005],[59.723741321000034,36.314147652000031],[59.723885923000068,36.314111604000061],[59.724023188000047,36.314081288000068],[59.72405417300007,36.314075489000061],[59.724539508000078,36.313987591000057],[59.724586658000078,36.313979484000072],[59.725446463000083,36.313839848000043],[59.725497812000071,36.313831148000077],[59.727614201000051,36.31348657500007],[59.727622577000034,36.313485205000063],[59.728931175000071,36.313272958000027],[59.72897843800007,36.313265331000025],[59.729061098000045,36.313251994000041],[59.729068185000074,36.313250843000048],[59.729121349000081,36.313242261000028],[59.729217401000028,36.313226756000063],[59.729421229000081,36.31319385200004],[59.738305042000036,36.311738429000059],[59.738309852000043,36.311737654000069],[59.738325885000052,36.311735074000069],[59.739480541000034,36.31154792500007],[59.741643552000028,36.311197354000058],[59.741676254000083,36.311192155000072],[59.741713102000062,36.311186080000027],[59.743108489000065,36.310959898000078],[59.743405361000043,36.310908805000054],[59.744024270000068,36.31080227800004],[59.744283248000045,36.310757703000036],[59.744338532000029,36.310748778000061],[59.745238430000029,36.310613062000073],[59.745555645000081,36.31053597600004],[59.745671678000065,36.31050778000008],[59.745893779000028,36.310453807000044],[59.746072732000073,36.310410318000038],[59.746278615000051,36.310360285000058],[59.746404562000066,36.310328460000051],[59.746417199000064,36.310325268000042],[59.748092458000031,36.30985490900008],[59.748757474000058,36.309668187000057],[59.748833165000065,36.309648154000058],[59.748958980000054,36.309620099000028],[59.748966178000046,36.30961867700006],[59.749018553000042,36.309608324000067],[59.749086877000082,36.309591557000033],[59.749166639000066,36.309573288000024],[59.749236974000041,36.30955831700004],[59.749973006000062,36.309360691000052],[59.752252637000026,36.308737085000075],[59.75630325000003,36.307628887000078],[59.759291967000081,36.306809557000065],[59.759299213000077,36.306807567000078],[59.759303943000077,36.306806272000074],[59.763918495000041,36.305550274000041],[59.764052376000052,36.30551758200005],[59.76418852900008,36.305491759000063],[59.764326417000063,36.305472905000045],[59.764465495000081,36.305461097000034],[59.764605215000074,36.305456380000066],[59.764745025000082,36.305458773000055],[59.764884373000029,36.305468267000037],[59.765022710000039,36.305484823000029],[59.76515949000003,36.30550837800007],[59.76529417200004,36.305538837000029],[59.765426226000045,36.305576081000027],[59.765555130000052,36.305619963000026],[59.765680376000034,36.30567030900005],[59.765801469000053,36.30572692100003],[59.765917931000047,36.305789576000052],[59.766029304000028,36.305858026000067],[59.766116306000072,36.305918833000078]]},"properties":{"OBJECTID":2,"Name":"Placemark","FolderPath":"Temporary Places/حریم 200 متری گاز/Harim200_Gaz_Project","SymbolID":0,"AltMode":0,"Base":0,"Clamped":-1,"Extruded":0,"Snippet":"","PopupInfo":"\u003chtml xmlns:fo=\"http://www.w3.org/1999/XSL/Format\" xmlns:msxsl=\"urn:schemas-microsoft-com:xslt\"\u003e\n\n\u003chead\u003e\n\n\u003cMETA http-equiv=\"Content-Type\" content=\"text/html\"\u003e\n\n\u003cmeta http-equiv=\"content-type\" content=\"text/html; charset=UTF-8\"\u003e\n\n\u003c/head\u003e\n\n\u003cbody style=\"margin:0px 0px 0px 0px;overflow:auto;background:#FFFFFF;\"\u003e\n\n\u003ctable style=\"font-family:Arial,Verdana,Times;font-size:12px;text-align:left;width:100%;border-collapse:collapse;padding:3px 3px 3px 3px\"\u003e\n\n\u003ctr style=\"text-align:center;font-weight:bold;background:#9CBCE2\"\u003e\n\n\u003ctd\u003e\u003c/td\u003e\n\n\u003c/tr\u003e\n\n\u003ctr\u003e\n\n\u003ctd\u003e\n\n\u003ctable style=\"font-family:Arial,Verdana,Times;font-size:12px;text-align:left;width:100%;border-spacing:0px; padding:3px 3px 3px 3px\"\u003e\n\n\u003ctr\u003e\n\n\u003ctd\u003eEntity\u003c/td\u003e\n\n\u003ctd\u003eLWPolyline\u003c/td\u003e\n\n\u003c/tr\u003e\n\n\u003ctr bgcolor=\"#D4E4F3\"\u003e\n\n\u003ctd\u003eLayer\u003c/td\u003e\n\n\u003ctd\u003e36_new_buffer\u003c/td\u003e\n\n\u003c/tr\u003e\n\n\u003ctr\u003e\n\n\u003ctd\u003eColor\u003c/td\u003e\n\n\u003ctd\u003e30\u003c/td\u003e\n\n\u003c/tr\u003e\n\n\u003ctr bgcolor=\"#D4E4F3\"\u003e\n\n\u003ctd\u003eLinetype\u003c/td\u003e\n\n\u003ctd\u003eContinuous\u003c/td\u003e\n\n\u003c/tr\u003e\n\n\u003ctr\u003e\n\n\u003ctd\u003eElevation\u003c/td\u003e\n\n\u003ctd\u003e0\u003c/td\u003e\n\n\u003c/tr\u003e\n\n\u003ctr bgcolor=\"#D4E4F3\"\u003e\n\n\u003ctd\u003eLineWt\u003c/td\u003e\n\n\u003ctd\u003e25\u003c/td\u003e\n\n\u003c/tr\u003e\n\n\u003ctr\u003e\n\n\u003ctd\u003eRefName\u003c/td\u003e\n\n\u003ctd\u003e\u003c/td\u003e\n\n\u003c/tr\u003e\n\n\u003c/table\u003e\n\n\u003c/td\u003e\n\n\u003c/tr\u003e\n\n\u003c/table\u003e\n\n\u003c/body\u003e\n\n\u003c/html\u003e","Shape_Length":0.049380219526664583}},{"type":"Feature","id":3,"geometry":{"type":"LineString","coordinates":[[59.488555461000033,36.446065024000063],[59.488599152000063,36.445999485000073],[59.488673230000074,36.445903365000049],[59.488754634000031,36.445811193000054],[59.488843041000052,36.445723334000036],[59.488938105000045,36.44564013400003],[59.489039448000028,36.445561922000024],[59.489050944000041,36.445553592000067],[59.489068791000079,36.445540799000071],[59.489135825000062,36.445493259000045],[59.489240428000073,36.445415223000055],[59.48924990200004,36.445408195000027],[59.489296032000027,36.445375111000033],[59.489430180000056,36.445281544000068],[59.489951552000036,36.444902802000058],[59.490978195000082,36.444157001000065],[59.490982317000032,36.444154037000033],[59.491044897000052,36.444109275000073],[59.491694683000048,36.443633925000029],[59.491705221000075,36.443626194000046],[59.49191959400008,36.443469671000059],[59.494748514000037,36.441405350000025],[59.49486608400008,36.441319555000064],[59.497377146000076,36.439491641000075],[59.499287679000076,36.438100847000044],[59.499299503000032,36.438092186000063],[59.502967487000035,36.435414747000038],[59.503948782000066,36.434633775000066],[59.505449673000044,36.433439232000069],[59.505455289000054,36.433434778000048],[59.505516761000081,36.433386178000035],[59.50733166200007,36.431951204000029],[59.509461048000048,36.43025607900006],[59.509530594000069,36.430203039000048],[59.509602890000053,36.430152459000055],[59.509677803000045,36.430104429000039],[59.510196026000074,36.429786568000054],[59.510286995000058,36.429730770000049],[59.510352091000073,36.429692320000072],[59.510358737000047,36.429688557000077],[59.510384070000043,36.429674271000067],[59.512314606000075,36.428585517000045],[59.512362367000037,36.428558463000059],[59.51377251200006,36.427759690000073],[59.516042163000066,36.42647398400004],[59.517396562000044,36.425706710000043],[59.517400747000067,36.425704342000074],[59.519464629000026,36.424535846000026],[59.521986512000069,36.423107952000066],[59.522436503000051,36.422853156000031],[59.52244427800008,36.422848774000045],[59.523451074000036,36.422283833000051],[59.523515170000053,36.42224574800008],[59.523598790000051,36.422200436000026],[59.523619799000073,36.422189599000035],[59.526484301000039,36.420563137000045],[59.526488924000034,36.420560519000048],[59.52745498400003,36.420013615000073],[59.528133885000045,36.419629267000062],[59.53108766400004,36.417956952000054],[59.531408224000074,36.417775333000066],[59.531457170000067,36.41774760100003],[59.534747777000064,36.41588314300003],[59.537105820000079,36.414548191000051],[59.538412228000027,36.413807728000052],[59.538418573000058,36.413804145000029],[59.53949289600007,36.413199691000045],[59.539576620000048,36.413152593000063],[59.539582544000041,36.413149247000035],[59.539603431000046,36.413137419000066],[59.54010085200008,36.412855831000059],[59.540120393000052,36.412833720000037],[59.540309457000035,36.412619145000065],[59.540320394000048,36.412606843000049],[59.540526509000074,36.412377029000027],[59.542364640000073,36.410325102000058],[59.545010771000079,36.407372688000066],[59.547239017000038,36.404897130000052],[59.54791835900005,36.404143767000051],[59.548161673000038,36.40387394000004],[59.548954472000048,36.402994731000035],[59.549453413000037,36.402440562000038],[59.550952202000076,36.400775808000049],[59.550990047000028,36.400733770000045],[59.551032285000076,36.400686854000071],[59.55114418900007,36.400558910000029],[59.551246414000047,36.400440162000052],[59.551288068000076,36.400393387000065],[59.551353866000056,36.400325403000068],[59.551432497000064,36.400248049000027],[59.551454721000027,36.400226530000054],[59.551458576000073,36.400222867000025],[59.55150363000007,36.40018008800007],[59.551578072000041,36.400112888000024],[59.551656581000032,36.400048785000024],[59.551738958000044,36.399987936000059],[59.55177457800005,36.399962859000027],[59.551856096000051,36.399905484000044],[59.551926345000027,36.39985787300003],[59.551990457000045,36.399817750000068],[59.555108168000061,36.397938789000079],[59.557498695000049,36.396503762000066],[59.558934579000038,36.395643168000049],[59.560512485000061,36.394697416000042],[59.560654396000075,36.394612357000028],[59.560659523000027,36.394609294000077],[59.563651722000031,36.392826466000031],[59.56705587600004,36.390793399000074],[59.567644536000046,36.390433981000058],[59.567701079000074,36.390395932000047],[59.56779543600004,36.390337874000068],[59.568174807000048,36.39011707800006],[59.568375494000065,36.389995752000061],[59.568471914000042,36.389940620000061],[59.568571811000027,36.389889694000033],[59.56872874700008,36.389814314000034],[59.56874442700007,36.389806852000049],[59.568961909000052,36.389704322000057],[59.568980472000078,36.389695667000069],[59.573993294000047,36.387384157000042],[59.574049291000051,36.387359188000062],[59.574110214000029,36.387332904000061],[59.574142307000045,36.387318824000033],[59.575135284000055,36.386861067000041],[59.576244731000031,36.386349600000074],[59.577541969000038,36.385744411000076],[59.581848536000052,36.383735138000077],[59.582012003000045,36.383658866000076],[59.583236834000047,36.383087599000078],[59.585216844000058,36.382164096000054],[59.585227350000082,36.382159171000069],[59.585711348000075,36.381932794000079],[59.586343579000072,36.381637083000044],[59.591165517000036,36.379390193000063],[59.592190825000046,36.378913877000059],[59.593634406000035,36.378243229000077],[59.595508081000048,36.377372727000079],[59.598758435000036,36.375857950000068],[59.598892141000078,36.375795635000031],[59.600235419000057,36.375169576000076],[59.600240504000055,36.375167213000054],[59.602921123000044,36.373922855000046],[59.602994876000082,36.37388603800008],[59.603056390000063,36.373855332000062],[59.603062846000057,36.373852115000034],[59.603120577000027,36.373824415000058],[59.604727879000052,36.373079447000066],[59.604792929000041,36.373050450000051],[59.604905763000033,36.373005371000033],[59.605202279000082,36.372895219000043],[59.605320255000038,36.372854674000052],[59.605440918000056,36.372819682000056],[59.605563869000036,36.372790360000067],[59.60579715800003,36.372740589000045],[59.605807968000079,36.372738280000078],[59.605817097000056,36.37273633600006],[59.609706017000065,36.371920200000034],[59.609801987000083,36.371849180000027],[59.613146678000078,36.369224342000052],[59.613272259000041,36.369116505000079],[59.613343121000071,36.369043769000029],[59.613361045000033,36.36902561200003],[59.614396399000043,36.367990580000026],[59.614560521000044,36.367825205000031],[59.615052460000072,36.367329504000054],[59.615645590000042,36.366731832000028],[59.615683089000072,36.366695053000058],[59.615760217000059,36.366625179000039],[59.61596383300008,36.366450094000072],[59.616062127000077,36.366370685000049],[59.616166348000036,36.366296386000045],[59.616276094000057,36.366227486000071],[59.616546981000056,36.366068109000025],[59.616573731000074,36.366052614000068],[59.616584915000033,36.366046277000066],[59.616629842000066,36.36602098700007],[59.617115898000065,36.365747406000025],[59.618453756000065,36.364982174000033],[59.619657861000064,36.364293420000024],[59.622897324000064,36.362440312000047],[59.622901249000051,36.362438069000063],[59.626226557000052,36.360535346000063],[59.627334432000055,36.359901387000036],[59.629894130000082,36.358443707000049],[59.629910553000059,36.358434355000043],[59.630901855000047,36.357843609000042],[59.630926897000052,36.35782888500006],[59.631049873000052,36.357757632000073],[59.631082150000054,36.357738930000039],[59.63118946700007,36.357676749000063],[59.63119965900006,36.357670884000072],[59.631403145000036,36.357554472000061],[59.631425144000048,36.35754206200005],[59.631429073000049,36.357539878000068],[59.631488760000082,36.357506784000066],[59.632180015000074,36.35711245400006],[59.632277694000038,36.357055710000054],[59.632284194000079,36.35705192000006],[59.632297090000066,36.357044352000059],[59.632320826000068,36.357030441000063],[59.632327159000056,36.357026743000063],[59.632344310000065,36.357016860000044],[59.636745838000081,36.354506271000048],[59.64080528900007,36.352183077000063],[59.640847090000079,36.352159760000063],[59.64109932100007,36.352022341000065],[59.641118647000042,36.352009731000066],[59.641122022000047,36.352007528000058],[59.641181322000079,36.35197022300008],[59.641243781000071,36.351932279000039],[59.641294781000056,36.351902168000038],[59.645383415000083,36.349559231000057],[59.64539290700003,36.349553830000048],[59.646939197000052,36.348679212000036],[59.649635638000063,36.347153948000027],[59.649787034000042,36.347049481000056],[59.649869771000056,36.346995002000028],[59.649955633000047,36.346943785000065],[59.652500287000066,36.34550074200007],[59.653300304000027,36.345036563000065],[59.653314217000059,36.345028557000035],[59.653323024000031,36.345023554000079],[59.654498592000039,36.344359295000061],[59.656299904000036,36.343299756000079],[59.656303769000033,36.343297482000025],[59.656329605000053,36.343282507000026],[59.656388081000046,36.343250235000028],[59.656418715000029,36.34323390000003],[59.656480209000051,36.343202190000056],[59.656506378000074,36.343189378000034],[59.656557623000083,36.343164677000061],[59.65672614500005,36.343083444000058],[59.656755897000039,36.343069102000072],[59.65677054300005,36.343062106000048],[59.657379754000033,36.342773573000045],[59.659280142000057,36.341873485000065],[59.662789313000076,36.340035470000032],[59.662804626000081,36.340027512000063],[59.662832671000047,36.340013067000029],[59.662863437000055,36.339997221000033],[59.662889715000063,36.339983884000048],[59.662957214000073,36.33995015000005],[59.663081684000076,36.339887944000054],[59.663118982000071,36.339869303000057],[59.665897692000044,36.338474139000027],[59.667520600000046,36.337659242000029],[59.667942829000083,36.337446489000058],[59.668067066000049,36.337383886000055],[59.668427980000047,36.337202025000067],[59.668440788000055,36.337195608000059],[59.668456524000078,36.337187854000035],[59.668734640000082,36.337052073000052],[59.668769945000065,36.337035194000066],[59.668774633000055,36.33703299900003],[59.668923741000071,36.336963199000024],[59.669113013000072,36.336874598000065],[59.669126879000032,36.336868107000043],[59.669761237000046,36.336561799000037],[59.673992507000037,36.334416728000065],[59.674008575000073,36.334408659000076],[59.67402605500007,36.334400052000035],[59.676103082000054,36.333387924000078],[59.676175054000055,36.333354316000054],[59.679240017000041,36.331984059000035],[59.67999207500003,36.331639210000048],[59.680519631000038,36.331397299000059],[59.680946956000071,36.331201347000047],[59.680996149000066,36.331179448000057],[59.681052517000069,36.331155098000067],[59.681069249000075,36.331147870000052],[59.687182611000082,36.328436263000071],[59.687264988000038,36.328399721000039],[59.687481127000069,36.328303842000025],[59.687687629000038,36.328207470000052],[59.68952665300003,36.327349201000061],[59.691087253000035,36.326553450000063],[59.694395902000053,36.324703667000051],[59.694426244000056,36.32468699900005],[59.69446021400006,36.324668669000062],[59.696974825000041,36.323196776000032],[59.697071104000031,36.323127818000046],[59.697172154000043,36.323063486000024],[59.697355863000041,36.322953333000044],[59.69738114900008,36.322938171000033],[59.698557311000059,36.322232910000025],[59.699081576000083,36.321886276000043],[59.70075029700007,36.32047069500004],[59.700755801000071,36.320466043000067],[59.700774168000066,36.320450755000024],[59.701625438000065,36.319750518000035],[59.701719790000027,36.319677332000026],[59.701819286000045,36.319608752000079],[59.701923582000063,36.319545013000038],[59.702032320000058,36.319486337000058],[59.702145125000072,36.319432926000047],[59.702261608000072,36.319384962000072],[59.702389792000076,36.319335958000067],[59.702518891000068,36.319290585000033],[59.70265127600004,36.319251905000044],[59.702932416000067,36.319177799000045],[59.703040449000071,36.319151752000039],[59.703149973000052,36.319130162000079],[59.703260707000027,36.319113086000073],[59.703372367000043,36.319100568000067],[59.703484666000065,36.319092639000075],[59.703889165000078,36.319072412000025],[59.704013531000044,36.319069013000046],[59.704137938000031,36.319071241000074],[59.70426199700006,36.319079090000059],[59.704385321000075,36.319092537000074],[59.704507523000075,36.319111537000026],[59.705633163000073,36.319313099000055],[59.706391289000067,36.319448992000048]]},"properties":{"OBJECTID":3,"Name":"Placemark","FolderPath":"Temporary Places/حریم 200 متری گاز/Harim200_Gaz_Project","SymbolID":0,"AltMode":0,"Base":0,"Clamped":-1,"Extruded":0,"Snippet":"","PopupInfo":"\u003chtml xmlns:fo=\"http://www.w3.org/1999/XSL/Format\" xmlns:msxsl=\"urn:schemas-microsoft-com:xslt\"\u003e\n\n\u003chead\u003e\n\n\u003cMETA http-equiv=\"Content-Type\" content=\"text/html\"\u003e\n\n\u003cmeta http-equiv=\"content-type\" content=\"text/html; charset=UTF-8\"\u003e\n\n\u003c/head\u003e\n\n\u003cbody style=\"margin:0px 0px 0px 0px;overflow:auto;background:#FFFFFF;\"\u003e\n\n\u003ctable style=\"font-family:Arial,Verdana,Times;font-size:12px;text-align:left;width:100%;border-collapse:collapse;padding:3px 3px 3px 3px\"\u003e\n\n\u003ctr style=\"text-align:center;font-weight:bold;background:#9CBCE2\"\u003e\n\n\u003ctd\u003e\u003c/td\u003e\n\n\u003c/tr\u003e\n\n\u003ctr\u003e\n\n\u003ctd\u003e\n\n\u003ctable style=\"font-family:Arial,Verdana,Times;font-size:12px;text-align:left;width:100%;border-spacing:0px; padding:3px 3px 3px 3px\"\u003e\n\n\u003ctr\u003e\n\n\u003ctd\u003eEntity\u003c/td\u003e\n\n\u003ctd\u003eLWPolyline\u003c/td\u003e\n\n\u003c/tr\u003e\n\n\u003ctr bgcolor=\"#D4E4F3\"\u003e\n\n\u003ctd\u003eLayer\u003c/td\u003e\n\n\u003ctd\u003e36_new_buffer\u003c/td\u003e\n\n\u003c/tr\u003e\n\n\u003ctr\u003e\n\n\u003ctd\u003eColor\u003c/td\u003e\n\n\u003ctd\u003e30\u003c/td\u003e\n\n\u003c/tr\u003e\n\n\u003ctr bgcolor=\"#D4E4F3\"\u003e\n\n\u003ctd\u003eLinetype\u003c/td\u003e\n\n\u003ctd\u003eContinuous\u003c/td\u003e\n\n\u003c/tr\u003e\n\n\u003ctr\u003e\n\n\u003ctd\u003eElevation\u003c/td\u003e\n\n\u003ctd\u003e0\u003c/td\u003e\n\n\u003c/tr\u003e\n\n\u003ctr bgcolor=\"#D4E4F3\"\u003e\n\n\u003ctd\u003eLineWt\u003c/td\u003e\n\n\u003ctd\u003e25\u003c/td\u003e\n\n\u003c/tr\u003e\n\n\u003ctr\u003e\n\n\u003ctd\u003eRefName\u003c/td\u003e\n\n\u003ctd\u003e\u003c/td\u003e\n\n\u003c/tr\u003e\n\n\u003c/table\u003e\n\n\u003c/td\u003e\n\n\u003c/tr\u003e\n\n\u003c/table\u003e\n\n\u003c/body\u003e\n\n\u003c/html\u003e","Shape_Length":0.25441806539457867}},{"type":"Feature","id":4,"geometry":{"type":"LineString","coordinates":[[59.705568870000036,36.322992480000039],[59.704744160000075,36.32288933600006],[59.704689379000058,36.322881917000075],[59.704622801000028,36.322871358000043],[59.704293770000049,36.322814951000055],[59.701627848000044,36.325033701000052],[59.701544563000027,36.325099482000041],[59.701457144000074,36.325161652000077],[59.701365831000032,36.32522004100008],[59.700144660000035,36.325959771000043],[59.70003996500003,36.326019466000048],[59.69990398300007,36.32609235700005],[59.699491096000031,36.326342096000076],[59.699445117000039,36.326369173000046],[59.697091164000028,36.327718511000057],[59.697061804000043,36.327735331000042],[59.697053840000081,36.327739901000029],[59.69403905300004,36.329461959000071],[59.694007733000035,36.329479525000067],[59.693758110000033,36.329616987000065],[59.69299301500007,36.330038301000059],[59.692909215000043,36.330082256000026],[59.692823063000048,36.330123124000067],[59.691797167000061,36.330585098000029],[59.691764355000032,36.330599679000045],[59.689681680000035,36.331537681000043],[59.689674849000028,36.331540772000039],[59.689337453000064,36.331694017000075],[59.689186147000044,36.331762737000076],[59.686154014000067,36.333139793000043],[59.68614253100003,36.333144972000071],[59.683254115000068,36.334438550000073],[59.683246437000037,36.334441999000035],[59.683140983000044,36.33448923900005],[59.681449987000065,36.335246719000054],[59.678299942000081,36.336663055000031],[59.675103093000075,36.338227183000072],[59.672157811000034,36.339716268000075],[59.671772131000068,36.339911252000036],[59.671763306000059,36.339915691000044],[59.671479605000059,36.340057633000072],[59.670920736000028,36.340340634000029],[59.670889157000033,36.340356691000068],[59.67086945300008,36.340366652000057],[59.670358527000076,36.340619568000079],[59.669941631000029,36.340825933000076],[59.665671949000057,36.342989680000073],[59.665631202000043,36.343009838000057],[59.665204820000042,36.343215737000037],[59.663778009000055,36.343944853000039],[59.663767237000059,36.343950389000042],[59.663749754000037,36.343959329000029],[59.66165144200005,36.345009818000051],[59.661620571000071,36.345025032000024],[59.65908478800003,36.346294681000074],[59.658956862000082,36.346359492000033],[59.658494590000032,36.346598345000075],[59.657830550000028,36.346984199000076],[59.657223846000079,36.347354951000057],[59.657201516000043,36.347368411000048],[59.657146963000059,36.347400866000044],[59.657007759000066,36.347483674000046],[59.65693570600007,36.34752478300004],[59.656013751000046,36.348028986000031],[59.655958643000076,36.348060990000079],[59.655914136000035,36.348086177000027],[59.655905140000073,36.34809113600005],[59.655875750000064,36.348105764000024],[59.655817219000028,36.348142495000047],[59.65575844500006,36.348177159000045],[59.655712227000038,36.348203492000039],[59.655582596000045,36.348280492000072],[59.655540402000042,36.348304947000031],[59.65501998700006,36.348599216000025],[59.654943148000029,36.34864409100004],[59.654879416000028,36.348682796000048],[59.654826074000027,36.348714202000053],[59.654031046000057,36.349167848000036],[59.654016201000047,36.34917635000005],[59.652598907000026,36.349982596000075],[59.652577724000082,36.349994750000064],[59.649933803000067,36.351499428000068],[59.649249181000073,36.351892231000079],[59.647257866000075,36.353034699000034],[59.643970878000061,36.354923143000065],[59.643945214000041,36.354937668000048],[59.643917243000033,36.354953014000046],[59.643907480000053,36.354958296000063],[59.643776241000069,36.355029305000073],[59.643490338000049,36.355191897000054],[59.640692682000065,36.35680663100004],[59.640685266000048,36.356810893000045],[59.635019938000028,36.360052197000073],[59.635009745000048,36.360058051000067],[59.634988660000033,36.360070116000031],[59.634982920000027,36.360073391000071],[59.634891171000049,36.360125849000042],[59.634875898000075,36.360134624000068],[59.634314583000048,36.360455174000037],[59.634308610000062,36.360458599000026],[59.634120856000038,36.360566516000063],[59.634099161000051,36.360578880000048],[59.634032895000075,36.360617070000046],[59.634024899000053,36.360621651000031],[59.633816206000063,36.360741609000058],[59.633720733000075,36.360797222000031],[59.63370764900003,36.360804785000028],[59.63363795500004,36.360844716000031],[59.632295782000028,36.361613630000079],[59.629483702000073,36.363224052000078],[59.628909905000057,36.363552236000032],[59.62836890400007,36.36386165600004],[59.62536016100006,36.365582392000078],[59.625331585000083,36.365598549000026],[59.622136098000055,36.367425497000056],[59.622131963000072,36.367427852000048],[59.621285723000028,36.367910018000032],[59.621218572000032,36.367948279000075],[59.61913226300004,36.369136944000047],[59.618193151000071,36.370080872000074],[59.617912783000065,36.370362671000066],[59.61683632900008,36.371452853000051],[59.616769297000076,36.371517569000048],[59.616593794000039,36.371679164000057],[59.616573350000067,36.371697728000072],[59.616493616000071,36.371765507000077],[59.616294510000046,36.371926193000036],[59.616276203000041,36.371940797000036],[59.616271194000035,36.371944736000046],[59.612736229000063,36.374714881000045],[59.61263692600005,36.374788129000024],[59.612584406000053,36.374823469000034],[59.612306344000046,36.37500480500006],[59.612198651000028,36.375070780000044],[59.612086211000076,36.375131356000054],[59.611969438000074,36.375186310000061],[59.611848760000044,36.375235439000051],[59.611724621000064,36.375278563000052],[59.611440466000033,36.375369125000077],[59.611316772000066,36.375405174000036],[59.611190663000059,36.375435262000053],[59.607004284000027,36.376326272000028],[59.606907635000027,36.376348260000043],[59.606837647000077,36.376376642000025],[59.605358550000062,36.377066987000035],[59.605273702000034,36.377104642000063],[59.605186910000043,36.377139281000041],[59.605135616000041,36.377158644000076],[59.605131204000031,36.377160310000079],[59.605114797000056,36.377166420000037],[59.602519321000045,36.378392124000072],[59.602507409000054,36.378397709000069],[59.59783556900004,36.380572537000035],[59.59783073300008,36.380574796000076],[59.594441738000057,36.382160918000068],[59.594436189000078,36.38216350700003],[59.591259458000081,36.383640301000071],[59.587598402000083,36.385341587000028],[59.587591386000042,36.385344814000064],[59.587538386000062,36.385368891000041],[59.585991471000057,36.386091288000046],[59.584222752000073,36.386916411000072],[59.584064843000078,36.386989856000071],[59.579755557000055,36.388993994000032],[59.578493726000033,36.389580788000046],[59.578489721000039,36.389582650000079],[59.577443907000031,36.390067360000046],[59.577019246000077,36.390264175000027],[59.576413114000047,36.390545089000057],[59.576396643000066,36.390552938000042],[59.57633200500004,36.390584933000071],[59.576282584000069,36.390608693000047],[59.572885563000057,36.392191781000065],[59.570486997000046,36.393352788000072],[59.570435177000036,36.393383251000046],[59.570399226000063,36.393403650000039],[59.569743397000082,36.393795909000062],[59.565027671000053,36.396619610000073],[59.560958012000071,36.399059757000032],[59.560321761000068,36.399441222000064],[59.560317889000032,36.399443542000029],[59.554889940000066,36.402701314000069],[59.554727753000066,36.402881572000069],[59.552755829000034,36.405073120000054],[59.552702907000082,36.405131932000074],[59.552698876000079,36.405136420000076],[59.552690516000041,36.405145765000043],[59.550372760000073,36.407733712000038],[59.546064763000061,36.412523508000049],[59.543903423000074,36.414941825000028],[59.543893709000031,36.414952610000057],[59.543713358000048,36.415151280000032],[59.543660896000063,36.415206782000041],[59.543629945000077,36.415237543000046],[59.543491447000065,36.41537213600003],[59.543401617000029,36.415454221000061],[59.543305780000082,36.415531742000042],[59.543204288000027,36.415604410000071],[59.543097518000081,36.41567195600004],[59.542753193000067,36.415876453000067],[59.542747766000048,36.41587966700007],[59.542599599000027,36.415967108000075],[59.54228695300003,36.416151263000074],[59.542273824000063,36.416159169000025],[59.542247910000071,36.416174657000056],[59.54215567600005,36.416229090000058],[59.542122256000027,36.416248433000078],[59.541349303000061,36.416687160000038],[59.539774560000069,36.417580950000058],[59.537398583000027,36.418925141000045],[59.534735502000046,36.420431385000029],[59.532211714000027,36.421856177000052],[59.530671442000028,36.422731121000027],[59.52998778500006,36.423119457000041],[59.529941916000041,36.42314551100003],[59.529215733000058,36.423557540000047],[59.529163659000062,36.423587528000041],[59.529158467000059,36.423590514000068],[59.526206353000077,36.425257176000059],[59.526178106000032,36.425273061000041],[59.526153439000041,36.425286931000073],[59.526119909000045,36.425305784000045],[59.525980378000042,36.425384242000064],[59.524484873000063,36.426231954000059],[59.522711954000044,36.427233568000077],[59.519715191000046,36.428934578000053],[59.519709455000054,36.428937823000069],[59.518951922000042,36.429364923000037],[59.51689414100008,36.430525057000068],[59.516385955000032,36.430813313000044],[59.515363889000071,36.431393041000035],[59.513889107000068,36.432229525000025],[59.513873175000072,36.432238561000077],[59.513031358000035,36.432716013000061],[59.51297773500005,36.432748127000025],[59.512920729000029,36.432781156000033],[59.512626911000041,36.432945801000074],[59.510545921000073,36.434605506000025],[59.510540434000063,36.434609868000052],[59.508069001000081,36.436567278000041],[59.508063205000042,36.436571852000043],[59.50804912500007,36.436582825000073],[59.504944204000083,36.438981473000069],[59.504897097000082,36.439016826000056],[59.502360675000034,36.440866042000039],[59.500448744000039,36.442255508000073],[59.499421256000062,36.443002185000068],[59.496508190000043,36.445127941000067],[59.496462745000031,36.44516049200007],[59.49405842200008,36.446915477000061],[59.494052324000052,36.446919910000076],[59.492582901000048,36.447984146000067],[59.49245742200003,36.448075505000077]]},"properties":{"OBJECTID":4,"Name":"Placemark","FolderPath":"Temporary Places/حریم 200 متری گاز/Harim200_Gaz_Project","SymbolID":0,"AltMode":0,"Base":0,"Clamped":-1,"Extruded":0,"Snippet":"","PopupInfo":"\u003chtml xmlns:fo=\"http://www.w3.org/1999/XSL/Format\" xmlns:msxsl=\"urn:schemas-microsoft-com:xslt\"\u003e\n\n\u003chead\u003e\n\n\u003cMETA http-equiv=\"Content-Type\" content=\"text/html\"\u003e\n\n\u003cmeta http-equiv=\"content-type\" content=\"text/html; charset=UTF-8\"\u003e\n\n\u003c/head\u003e\n\n\u003cbody style=\"margin:0px 0px 0px 0px;overflow:auto;background:#FFFFFF;\"\u003e\n\n\u003ctable style=\"font-family:Arial,Verdana,Times;font-size:12px;text-align:left;width:100%;border-collapse:collapse;padding:3px 3px 3px 3px\"\u003e\n\n\u003ctr style=\"text-align:center;font-weight:bold;background:#9CBCE2\"\u003e\n\n\u003ctd\u003e\u003c/td\u003e\n\n\u003c/tr\u003e\n\n\u003ctr\u003e\n\n\u003ctd\u003e\n\n\u003ctable style=\"font-family:Arial,Verdana,Times;font-size:12px;text-align:left;width:100%;border-spacing:0px; padding:3px 3px 3px 3px\"\u003e\n\n\u003ctr\u003e\n\n\u003ctd\u003eEntity\u003c/td\u003e\n\n\u003ctd\u003eLWPolyline\u003c/td\u003e\n\n\u003c/tr\u003e\n\n\u003ctr bgcolor=\"#D4E4F3\"\u003e\n\n\u003ctd\u003eLayer\u003c/td\u003e\n\n\u003ctd\u003e36_old_buffer\u003c/td\u003e\n\n\u003c/tr\u003e\n\n\u003ctr\u003e\n\n\u003ctd\u003eColor\u003c/td\u003e\n\n\u003ctd\u003e30\u003c/td\u003e\n\n\u003c/tr\u003e\n\n\u003ctr bgcolor=\"#D4E4F3\"\u003e\n\n\u003ctd\u003eLinetype\u003c/td\u003e\n\n\u003ctd\u003eContinuous\u003c/td\u003e\n\n\u003c/tr\u003e\n\n\u003ctr\u003e\n\n\u003ctd\u003eElevation\u003c/td\u003e\n\n\u003ctd\u003e0\u003c/td\u003e\n\n\u003c/tr\u003e\n\n\u003ctr bgcolor=\"#D4E4F3\"\u003e\n\n\u003ctd\u003eLineWt\u003c/td\u003e\n\n\u003ctd\u003e25\u003c/td\u003e\n\n\u003c/tr\u003e\n\n\u003ctr\u003e\n\n\u003ctd\u003eRefName\u003c/td\u003e\n\n\u003ctd\u003e\u003c/td\u003e\n\n\u003c/tr\u003e\n\n\u003c/table\u003e\n\n\u003c/td\u003e\n\n\u003c/tr\u003e\n\n\u003c/table\u003e\n\n\u003c/body\u003e\n\n\u003c/html\u003e","Shape_Length":0.24913905473956002}},{"type":"Feature","id":5,"geometry":{"type":"LineString","coordinates":[[59.766116306000072,36.305918833000078],[59.766144121000082,36.305933826000057],[59.766255416000035,36.306002359000047],[59.766361175000043,36.306076412000039],[59.766460980000033,36.30615569400004],[59.766554438000071,36.306239892000065],[59.766641182000058,36.306328673000053],[59.766720865000082,36.306421687000068],[59.766793176000078,36.306518568000058],[59.76685782900006,36.306618932000049],[59.766914569000051,36.306722384000068],[59.766963171000043,36.306828515000063],[59.767003443000078,36.306936907000079],[59.767035227000065,36.307047132000037],[59.767058398000074,36.307158754000056],[59.767072865000046,36.307271335000053],[59.767078567000056,36.307384428000034],[59.767075486000067,36.307497587000057],[59.767063632000031,36.307610366000063],[59.767043052000076,36.307722322000075],[59.767013827000028,36.307833009000035],[59.76697607300008,36.307941994000032],[59.766929937000043,36.308048844000041],[59.766875604000063,36.308153139000069],[59.766813287000048,36.30825446700004],[59.766743231000078,36.308352428000035],[59.766665713000066,36.308446635000053],[59.766581041000052,36.308536717000038],[59.766489546000059,36.308622318000062],[59.766391591000058,36.308703100000059],[59.76628756100007,36.308778745000041],[59.766177868000057,36.308848953000052],[59.766062945000044,36.308913447000066],[59.765943245000074,36.308971975000077],[59.765819240000042,36.309024304000047],[59.765691420000053,36.309070226000074],[59.765560289000064,36.30910956300005],[59.760812203000057,36.310397997000052],[59.752042032000077,36.312791797000045],[59.750298930000042,36.313267962000054],[59.750283685000056,36.313272076000032],[59.747640433000072,36.313976918000037],[59.74744408600003,36.314029276000042],[59.747313100000042,36.314064201000065],[59.747069973000066,36.314129028000025],[59.746893783000075,36.314176007000071],[59.746806254000035,36.314199344000031],[59.74651979600003,36.314275724000026],[59.746388560000071,36.314307133000057],[59.746255186000042,36.314331954000068],[59.744975667000062,36.314536790000034],[59.744518280000079,36.314610009000035],[59.743452151000042,36.314780666000047],[59.74258433500006,36.314919572000065],[59.742477746000077,36.31493663100008],[59.741464578000034,36.31509879500004],[59.740364035000027,36.31527494200003],[59.739229799000043,36.315456469000026],[59.737884981000036,36.315675110000029],[59.730153482000048,36.316930218000039],[59.730135525000037,36.316933132000031],[59.730093607000072,36.31693993500005],[59.730069165000032,36.316943786000024],[59.729993877000027,36.316955299000028],[59.729743094000071,36.316993642000057],[59.729728374000047,36.316995891000033],[59.728529218000062,36.317184760000032],[59.726943501000051,36.317437299000062],[59.725371964000033,36.317724876000057],[59.725203210000075,36.317759885000044],[59.722001544000079,36.319213697000066],[59.721466918000033,36.31946455700006],[59.721359754000048,36.319514824000066]]},"properties":{"OBJECTID":5,"Name":"Placemark","FolderPath":"Temporary Places/حریم 200 متری گاز/Harim200_Gaz_Project","SymbolID":0,"AltMode":0,"Base":0,"Clamped":-1,"Extruded":0,"Snippet":"","PopupInfo":"\u003chtml xmlns:fo=\"http://www.w3.org/1999/XSL/Format\" xmlns:msxsl=\"urn:schemas-microsoft-com:xslt\"\u003e\n\n\u003chead\u003e\n\n\u003cMETA http-equiv=\"Content-Type\" content=\"text/html\"\u003e\n\n\u003cmeta http-equiv=\"content-type\" content=\"text/html; charset=UTF-8\"\u003e\n\n\u003c/head\u003e\n\n\u003cbody style=\"margin:0px 0px 0px 0px;overflow:auto;background:#FFFFFF;\"\u003e\n\n\u003ctable style=\"font-family:Arial,Verdana,Times;font-size:12px;text-align:left;width:100%;border-collapse:collapse;padding:3px 3px 3px 3px\"\u003e\n\n\u003ctr style=\"text-align:center;font-weight:bold;background:#9CBCE2\"\u003e\n\n\u003ctd\u003e\u003c/td\u003e\n\n\u003c/tr\u003e\n\n\u003ctr\u003e\n\n\u003ctd\u003e\n\n\u003ctable style=\"font-family:Arial,Verdana,Times;font-size:12px;text-align:left;width:100%;border-spacing:0px; padding:3px 3px 3px 3px\"\u003e\n\n\u003ctr\u003e\n\n\u003ctd\u003eEntity\u003c/td\u003e\n\n\u003ctd\u003eLWPolyline\u003c/td\u003e\n\n\u003c/tr\u003e\n\n\u003ctr bgcolor=\"#D4E4F3\"\u003e\n\n\u003ctd\u003eLayer\u003c/td\u003e\n\n\u003ctd\u003e36_old_buffer\u003c/td\u003e\n\n\u003c/tr\u003e\n\n\u003ctr\u003e\n\n\u003ctd\u003eColor\u003c/td\u003e\n\n\u003ctd\u003e30\u003c/td\u003e\n\n\u003c/tr\u003e\n\n\u003ctr bgcolor=\"#D4E4F3\"\u003e\n\n\u003ctd\u003eLinetype\u003c/td\u003e\n\n\u003ctd\u003eContinuous\u003c/td\u003e\n\n\u003c/tr\u003e\n\n\u003ctr\u003e\n\n\u003ctd\u003eElevation\u003c/td\u003e\n\n\u003ctd\u003e0\u003c/td\u003e\n\n\u003c/tr\u003e\n\n\u003ctr bgcolor=\"#D4E4F3\"\u003e\n\n\u003ctd\u003eLineWt\u003c/td\u003e\n\n\u003ctd\u003e25\u003c/td\u003e\n\n\u003c/tr\u003e\n\n\u003ctr\u003e\n\n\u003ctd\u003eRefName\u003c/td\u003e\n\n\u003ctd\u003e\u003c/td\u003e\n\n\u003c/tr\u003e\n\n\u003c/table\u003e\n\n\u003c/td\u003e\n\n\u003c/tr\u003e\n\n\u003c/table\u003e\n\n\u003c/body\u003e\n\n\u003c/html\u003e","Shape_Length":0.049864617842395237}},{"type":"Feature","id":6,"geometry":{"type":"LineString","coordinates":[[59.706391289000067,36.319448992000048],[59.708285975000081,36.319685932000027],[59.70829142000008,36.319686618000048],[59.708410968000067,36.319704491000039],[59.708427397000037,36.319707377000043],[59.710799129000065,36.320131591000063],[59.710844540000039,36.320139135000034],[59.711897752000027,36.319703918000073],[59.716612542000064,36.317533423000043],[59.716626794000035,36.317526917000066],[59.71785897500007,36.316969283000049],[59.717869309000037,36.316964606000056],[59.717942045000029,36.316931691000036],[59.717956599000047,36.316925147000063],[59.718300340000042,36.316771946000074],[59.718330016000039,36.316758956000058],[59.718347080000058,36.316751698000076],[59.718422254000075,36.316720058000044]]},"properties":{"OBJECTID":6,"Name":"Placemark","FolderPath":"Temporary Places/حریم 200 متری گاز/Harim200_Gaz_Project","SymbolID":0,"AltMode":0,"Base":0,"Clamped":-1,"Extruded":0,"Snippet":"","PopupInfo":"\u003chtml xmlns:fo=\"http://www.w3.org/1999/XSL/Format\" xmlns:msxsl=\"urn:schemas-microsoft-com:xslt\"\u003e\n\n\u003chead\u003e\n\n\u003cMETA http-equiv=\"Content-Type\" content=\"text/html\"\u003e\n\n\u003cmeta http-equiv=\"content-type\" content=\"text/html; charset=UTF-8\"\u003e\n\n\u003c/head\u003e\n\n\u003cbody style=\"margin:0px 0px 0px 0px;overflow:auto;background:#FFFFFF;\"\u003e\n\n\u003ctable style=\"font-family:Arial,Verdana,Times;font-size:12px;text-align:left;width:100%;border-collapse:collapse;padding:3px 3px 3px 3px\"\u003e\n\n\u003ctr style=\"text-align:center;font-weight:bold;background:#9CBCE2\"\u003e\n\n\u003ctd\u003e\u003c/td\u003e\n\n\u003c/tr\u003e\n\n\u003ctr\u003e\n\n\u003ctd\u003e\n\n\u003ctable style=\"font-family:Arial,Verdana,Times;font-size:12px;text-align:left;width:100%;border-spacing:0px; padding:3px 3px 3px 3px\"\u003e\n\n\u003ctr\u003e\n\n\u003ctd\u003eEntity\u003c/td\u003e\n\n\u003ctd\u003eLWPolyline\u003c/td\u003e\n\n\u003c/tr\u003e\n\n\u003ctr bgcolor=\"#D4E4F3\"\u003e\n\n\u003ctd\u003eLayer\u003c/td\u003e\n\n\u003ctd\u003e36_old_buffer\u003c/td\u003e\n\n\u003c/tr\u003e\n\n\u003ctr\u003e\n\n\u003ctd\u003eColor\u003c/td\u003e\n\n\u003ctd\u003e30\u003c/td\u003e\n\n\u003c/tr\u003e\n\n\u003ctr bgcolor=\"#D4E4F3\"\u003e\n\n\u003ctd\u003eLinetype\u003c/td\u003e\n\n\u003ctd\u003eContinuous\u003c/td\u003e\n\n\u003c/tr\u003e\n\n\u003ctr\u003e\n\n\u003ctd\u003eElevation\u003c/td\u003e\n\n\u003ctd\u003e0\u003c/td\u003e\n\n\u003c/tr\u003e\n\n\u003ctr bgcolor=\"#D4E4F3\"\u003e\n\n\u003ctd\u003eLineWt\u003c/td\u003e\n\n\u003ctd\u003e25\u003c/td\u003e\n\n\u003c/tr\u003e\n\n\u003ctr\u003e\n\n\u003ctd\u003eRefName\u003c/td\u003e\n\n\u003ctd\u003e\u003c/td\u003e\n\n\u003c/tr\u003e\n\n\u003c/table\u003e\n\n\u003c/td\u003e\n\n\u003c/tr\u003e\n\n\u003c/table\u003e\n\n\u003c/body\u003e\n\n\u003c/html\u003e","Shape_Length":0.01282201702875652}},{"type":"Feature","id":7,"geometry":{"type":"LineString","coordinates":[[59.438628780000045,36.465580392000049],[59.440114464000033,36.465047450000043],[59.440177906000031,36.465024692000043],[59.441625467000051,36.464505440000039],[59.441633508000052,36.464502529000072],[59.441641661000062,36.46449958900007],[59.442614076000041,36.464150737000068],[59.445746575000044,36.463024911000048],[59.445761946000061,36.463019343000042],[59.44576851100004,36.463016967000044],[59.445805626000038,36.463003616000037],[59.445836030000066,36.46299192500004],[59.445847145000073,36.462987923000071],[59.451341271000047,36.461024106000025],[59.45135347400003,36.461019709000027],[59.451358596000034,36.461017862000062],[59.451364547000082,36.461015717000066],[59.460659242000077,36.457666090000032],[59.46078502000006,36.457624421000048],[59.460858037000037,36.45760346600008],[59.460880379000059,36.457597404000069],[59.460905210000078,36.457590667000034],[59.46107276500004,36.457536722000043],[59.466965681000033,36.45541847700008],[59.470065559000034,36.454309992000049],[59.473640483000054,36.452846648000047],[59.475964480000073,36.45189527000008],[59.47746834700007,36.451270891000036],[59.477546934000031,36.451238082000032],[59.477551492000032,36.451236179000034],[59.477616668000053,36.45120896800006],[59.477628907000053,36.451203862000057],[59.477643400000034,36.451197838000041],[59.477722099000061,36.451164950000077],[59.477989914000034,36.451053137000031],[59.478000687000076,36.451048653000043],[59.478010624000035,36.451044514000046],[59.47802469800007,36.451038634000042],[59.478036792000069,36.451033599000027],[59.478133372000059,36.450993866000033],[59.478148720000036,36.450987424000061],[59.478154975000052,36.450984797000046],[59.478268813000057,36.45093700700005],[59.478276849000054,36.450933624000072],[59.478386097000055,36.450887765000061],[59.478395316000046,36.45088389700004],[59.478408218000027,36.450878505000048],[59.481363289000058,36.449657086000059],[59.481372084000043,36.449653449000039],[59.482661275000055,36.449118469000041],[59.482668963000037,36.44911529400008],[59.485484188000044,36.447961478000025],[59.486021239000081,36.447720810000078],[59.486092847000066,36.447680477000063],[59.486885252000036,36.447223858000029],[59.486897463000048,36.44721687200007],[59.486912345000064,36.447208490000037],[59.487219011000036,36.447037263000027],[59.488324004000049,36.446233839000058],[59.48850509600004,36.446101691000024],[59.488555461000033,36.446065024000063]]},"properties":{"OBJECTID":7,"Name":"Placemark","FolderPath":"Temporary Places/حریم 200 متری گاز/Harim200_Gaz_Project","SymbolID":0,"AltMode":0,"Base":0,"Clamped":-1,"Extruded":0,"Snippet":"","PopupInfo":"\u003chtml xmlns:fo=\"http://www.w3.org/1999/XSL/Format\" xmlns:msxsl=\"urn:schemas-microsoft-com:xslt\"\u003e\n\n\u003chead\u003e\n\n\u003cMETA http-equiv=\"Content-Type\" content=\"text/html\"\u003e\n\n\u003cmeta http-equiv=\"content-type\" content=\"text/html; charset=UTF-8\"\u003e\n\n\u003c/head\u003e\n\n\u003cbody style=\"margin:0px 0px 0px 0px;overflow:auto;background:#FFFFFF;\"\u003e\n\n\u003ctable style=\"font-family:Arial,Verdana,Times;font-size:12px;text-align:left;width:100%;border-collapse:collapse;padding:3px 3px 3px 3px\"\u003e\n\n\u003ctr style=\"text-align:center;font-weight:bold;background:#9CBCE2\"\u003e\n\n\u003ctd\u003e\u003c/td\u003e\n\n\u003c/tr\u003e\n\n\u003ctr\u003e\n\n\u003ctd\u003e\n\n\u003ctable style=\"font-family:Arial,Verdana,Times;font-size:12px;text-align:left;width:100%;border-spacing:0px; padding:3px 3px 3px 3px\"\u003e\n\n\u003ctr\u003e\n\n\u003ctd\u003eEntity\u003c/td\u003e\n\n\u003ctd\u003eLWPolyline\u003c/td\u003e\n\n\u003c/tr\u003e\n\n\u003ctr bgcolor=\"#D4E4F3\"\u003e\n\n\u003ctd\u003eLayer\u003c/td\u003e\n\n\u003ctd\u003e36_old_buffer\u003c/td\u003e\n\n\u003c/tr\u003e\n\n\u003ctr\u003e\n\n\u003ctd\u003eColor\u003c/td\u003e\n\n\u003ctd\u003e30\u003c/td\u003e\n\n\u003c/tr\u003e\n\n\u003ctr bgcolor=\"#D4E4F3\"\u003e\n\n\u003ctd\u003eLinetype\u003c/td\u003e\n\n\u003ctd\u003eContinuous\u003c/td\u003e\n\n\u003c/tr\u003e\n\n\u003ctr\u003e\n\n\u003ctd\u003eElevation\u003c/td\u003e\n\n\u003ctd\u003e0\u003c/td\u003e\n\n\u003c/tr\u003e\n\n\u003ctr bgcolor=\"#D4E4F3\"\u003e\n\n\u003ctd\u003eLineWt\u003c/td\u003e\n\n\u003ctd\u003e25\u003c/td\u003e\n\n\u003c/tr\u003e\n\n\u003ctr\u003e\n\n\u003ctd\u003eRefName\u003c/td\u003e\n\n\u003ctd\u003e\u003c/td\u003e\n\n\u003c/tr\u003e\n\n\u003c/table\u003e\n\n\u003c/td\u003e\n\n\u003c/tr\u003e\n\n\u003c/table\u003e\n\n\u003c/body\u003e\n\n\u003c/html\u003e","Shape_Length":0.053691295956404039}},{"type":"Feature","id":8,"geometry":{"type":"LineString","coordinates":[[59.438311705000046,36.469733676000033],[59.438207874000057,36.469782594000037],[59.438100929000029,36.469826921000049],[59.437998728000082,36.469866513000056],[59.437894999000036,36.469904102000044],[59.43376534600003,36.471299525000063],[59.430508073000055,36.472400032000053],[59.430495648000033,36.472404195000024],[59.430464588000063,36.472414292000053],[59.429476345000069,36.47272859900005],[59.424193627000079,36.474433178000027],[59.423388137000074,36.474693241000068],[59.422911605000081,36.474847093000051],[59.419277971000042,36.476020151000057],[59.415297551000037,36.477323800000079],[59.415273350000064,36.477331665000065],[59.414907547000041,36.477452188000029],[59.414718674000028,36.477520410000068],[59.414655976000063,36.477542134000032],[59.414572702000044,36.477568217000055],[59.414278173000071,36.477655033000076],[59.41311865800003,36.478048333000061],[59.413105857000062,36.478052632000072],[59.409924164000074,36.479111774000046],[59.407532426000046,36.479902869000057],[59.406489579000038,36.48025823100005],[59.406468472000029,36.480265319000068],[59.40354334400007,36.481231230000049],[59.40353753200003,36.481233145000033],[59.40346726100006,36.481256352000059],[59.403457521000064,36.481259551000051],[59.403395180000075,36.481280132000052],[59.403376928000057,36.481285854000078],[59.403311698000039,36.481306171000028],[59.40279801500003,36.481472302000043],[59.400541752000038,36.482207914000071],[59.40051825300003,36.482215451000059],[59.400494332000051,36.482222869000054],[59.400454048000029,36.482235148000029],[59.399581037000075,36.482501250000041],[59.396488607000038,36.483485357000063],[59.395362115000069,36.483849451000026],[59.395341510000037,36.483856015000072],[59.39232166000005,36.484804018000034],[59.39038482400008,36.485418369000058],[59.389806755000052,36.485605107000026],[59.389675530000034,36.485648151000078],[59.389648366000074,36.48565689600008],[59.387451747000057,36.486349897000025],[59.38741929400004,36.486360689000037],[59.385586237000041,36.486943036000071],[59.385528072000056,36.486961464000046],[59.381895323000037,36.488106591000076],[59.380229979000035,36.488635388000034],[59.377085886000032,36.489640844000064],[59.377074332000063,36.489644531000067],[59.377056538000033,36.489650174000076],[59.376672949000067,36.489769782000053],[59.376364441000078,36.489877394000075],[59.376256419000072,36.489912404000052],[59.376146283000082,36.489942818000031],[59.376034333000064,36.48996855300004],[59.375996151000038,36.489976468000066],[59.375948106000067,36.489985970000077],[59.375909849000038,36.489993174000062],[59.375844618000031,36.490004629000055],[59.375811899000041,36.490009758000042],[59.375773489000039,36.490015539000069],[59.375666574000036,36.490029470000025],[59.375640543000031,36.490032215000042],[59.375608923000073,36.490035396000053],[59.37549410400004,36.490044523000051],[59.375432250000074,36.490047442000048],[59.37538633500003,36.490049093000039],[59.37530668900007,36.490050807000046],[59.375232836000066,36.490050345000043],[59.375193730000035,36.490049577000036],[59.375126004000037,36.490047417000028],[59.375102654000045,36.490046285000062],[59.375063412000031,36.490044218000037],[59.37501850600006,36.490041485000063],[59.374979192000069,36.490038770000069],[59.374906361000058,36.49003276600007],[59.374849771000072,36.490026748000048],[59.374726930000065,36.490012394000075],[59.374616898000056,36.489997260000052],[59.374507942000037,36.489977701000043],[59.37440033200005,36.489953768000078],[59.374294340000063,36.489925521000032],[59.374060538000037,36.489857932000064],[59.373611154000059,36.489734162000047],[59.373602042000073,36.489731999000071],[59.373565580000047,36.489723209000033],[59.373518984000043,36.489712289000067],[59.373462618000076,36.48969885300005],[59.373369297000067,36.489675777000059],[59.373191169000052,36.489627956000049],[59.373148206000053,36.489616828000067],[59.373127511000064,36.489611445000037],[59.37202848700008,36.489319023000064],[59.37191518800006,36.489375890000076],[59.36872234100008,36.49108876400004],[59.365540010000075,36.492785777000051],[59.365420645000029,36.492845164000073],[59.365296897000064,36.492898383000067],[59.365169255000069,36.492945223000049],[59.365038222000067,36.492985500000032],[59.364904315000047,36.493019052000079],[59.364768064000032,36.493045750000078],[59.364630004000048,36.49306548800007],[59.364490683000042,36.493078186000048],[59.364350648000027,36.493083795000075],[59.364210454000045,36.493082295000079],[59.364070654000045,36.493073689000028],[59.363931798000067,36.493058012000063],[59.363794435000045,36.49303532600004],[59.363659107000046,36.493005720000042],[59.363526350000029,36.492969312000071],[59.363396685000055,36.492926245000035],[59.36327062600003,36.49287668900007],[59.363148669000054,36.492820839000046],[59.363031296000031,36.49275891700006],[59.362918971000056,36.492691166000043],[59.362812136000059,36.492617854000059],[59.362711214000058,36.492539269000076],[59.36261660200006,36.492455723000035],[59.362528674000032,36.492367545000036],[59.362447776000067,36.492275083000038],[59.362374229000068,36.492178702000047],[59.362308322000047,36.492078782000078],[59.362250316000029,36.491975718000049],[59.362200439000048,36.491869917000031],[59.362158887000078,36.491761795000059],[59.362125827000057,36.491651780000041],[59.362101387000052,36.491540306000047],[59.362085663000073,36.49142781200004],[59.362078720000056,36.491314745000068],[59.362080582000033,36.49120154700006],[59.362091244000055,36.491088668000032],[59.362110661000031,36.490976551000074],[59.36213876000005,36.490865641000028],[59.362175427000068,36.490756374000057],[59.362220519000061,36.490649181000038],[59.362273858000037,36.490544487000079],[59.362335232000078,36.490442703000042],[59.362404401000049,36.490344231000051],[59.362481091000063,36.490249462000065],[59.36256499700005,36.490158767000025],[59.362655791000066,36.490072505000057],[59.362753114000043,36.489991016000033],[59.362856582000063,36.489914623000061],[59.362965785000029,36.489843626000038],[59.363080294000042,36.489778306000062],[59.366257587000064,36.488084020000031],[59.369473406000054,36.48635885200008],[59.369531894000033,36.486328524000044],[59.370282874000054,36.48595159000007],[59.370300671000052,36.485942400000056],[59.370340567000028,36.485922275000064],[59.370371333000037,36.485907128000065],[59.37045450200003,36.485868143000062],[59.370485152000072,36.485854480000057],[59.370523766000076,36.485837665000076],[59.37061559600005,36.485800762000054],[59.370647081000072,36.485788832000026],[59.370682575000046,36.485775685000078],[59.37079424600006,36.485738178000076],[59.370815984000046,36.485731428000065],[59.37091719600005,36.485702242000059],[59.371020029000078,36.48567702400004],[59.37106463300006,36.485667027000034],[59.371150817000057,36.485649196000054],[59.371272876000035,36.485628912000038],[59.37130744500007,36.485623975000067],[59.371324195000057,36.485621637000065],[59.371449497000071,36.485607475000052],[59.37148452200006,36.485604330000058],[59.371499527000083,36.485603024000056],[59.371584450000057,36.485597191000068],[59.371612177000031,36.485595717000024],[59.371668493000072,36.485593298000026],[59.37169182000008,36.485592634000056],[59.371734196000034,36.485591606000071],[59.37178033400005,36.485590872000046],[59.371815235000042,36.485590609000042],[59.371932961000027,36.485592229000076],[59.372050417000082,36.485598859000049],[59.372167276000027,36.485610483000073],[59.37228321300006,36.485627068000042],[59.37239790600006,36.485648567000055],[59.372792141000048,36.485731375000057],[59.372840280000048,36.48574195100008],[59.372928775000048,36.48576386700006],[59.374507407000067,36.486184020000053],[59.374524332000078,36.486188411000057],[59.374731688000054,36.486243582000043],[59.374777486000028,36.486254451000036],[59.374860540000043,36.48627416100004],[59.374896998000054,36.486282995000067],[59.374915575000045,36.486287221000055],[59.375006763000044,36.486310587000048],[59.375203083000031,36.48636465900006],[59.375439808000067,36.486290845000042],[59.37858951000004,36.485283590000051],[59.378594049000071,36.485282145000042],[59.380265527000063,36.484751407000033],[59.380269912000074,36.484750020000035],[59.383901908000041,36.48360514500007],[59.383954725000081,36.483588410000038],[59.385782501000051,36.48300787800008],[59.385788587000036,36.483005882000043],[59.388009440000076,36.482304623000061],[59.388131239000074,36.482264670000063],[59.388143635000063,36.482260631000031],[59.388710813000046,36.48207749200003],[59.388733511000055,36.482070114000066],[59.38874657100007,36.482065900000066],[59.390693701000032,36.481448293000028],[59.390701113000034,36.481445971000028],[59.390720986000076,36.481439760000058],[59.393714157000034,36.48050009800005],[59.394835729000079,36.480137598000056],[59.394846825000059,36.480134039000063],[59.397959741000079,36.479143424000029],[59.397989903000052,36.479134028000033],[59.398878072000059,36.47886330800003],[59.398894606000056,36.478858269000057],[59.401132260000054,36.478128732000073],[59.401142087000039,36.478125555000076],[59.401146632000064,36.47812409200003],[59.401716601000032,36.477940743000033],[59.401778888000081,36.477920194000035],[59.401788594000038,36.477917001000037],[59.401855923000028,36.477894760000027],[59.404766142000028,36.476933784000039],[59.405808382000032,36.476578635000067],[59.405830173000027,36.476571318000026],[59.408228137000037,36.475778176000063],[59.411398362000057,36.474722863000068],[59.41259916100006,36.474315563000062],[59.412680822000027,36.474289379000027],[59.412698188000036,36.474284194000063],[59.412968658000068,36.474204471000064],[59.413120755000079,36.474149534000048],[59.41318854900004,36.474126156000068],[59.413617874000067,36.473984840000071],[59.413641785000038,36.473977060000038],[59.417605934000051,36.472678693000034],[59.417616354000074,36.472675305000053],[59.421255217000066,36.471500572000025],[59.421731733000058,36.471346727000025],[59.422537697000053,36.471086514000035],[59.42782597300004,36.469380164000029],[59.427836368000044,36.469376860000068],[59.427858859000082,36.469369756000049],[59.428807754000047,36.469067891000066],[59.432043287000056,36.467974742000024],[59.434578081000041,36.467118260000063]]},"properties":{"OBJECTID":8,"Name":"Placemark","FolderPath":"Temporary Places/حریم 200 متری گاز/Harim200_Gaz_Project","SymbolID":0,"AltMode":0,"Base":0,"Clamped":-1,"Extruded":0,"Snippet":"","PopupInfo":"\u003chtml xmlns:fo=\"http://www.w3.org/1999/XSL/Format\" xmlns:msxsl=\"urn:schemas-microsoft-com:xslt\"\u003e\n\n\u003chead\u003e\n\n\u003cMETA http-equiv=\"Content-Type\" content=\"text/html\"\u003e\n\n\u003cmeta http-equiv=\"content-type\" content=\"text/html; charset=UTF-8\"\u003e\n\n\u003c/head\u003e\n\n\u003cbody style=\"margin:0px 0px 0px 0px;overflow:auto;background:#FFFFFF;\"\u003e\n\n\u003ctable style=\"font-family:Arial,Verdana,Times;font-size:12px;text-align:left;width:100%;border-collapse:collapse;padding:3px 3px 3px 3px\"\u003e\n\n\u003ctr style=\"text-align:center;font-weight:bold;background:#9CBCE2\"\u003e\n\n\u003ctd\u003e\u003c/td\u003e\n\n\u003c/tr\u003e\n\n\u003ctr\u003e\n\n\u003ctd\u003e\n\n\u003ctable style=\"font-family:Arial,Verdana,Times;font-size:12px;text-align:left;width:100%;border-spacing:0px; padding:3px 3px 3px 3px\"\u003e\n\n\u003ctr\u003e\n\n\u003ctd\u003eEntity\u003c/td\u003e\n\n\u003ctd\u003eLWPolyline\u003c/td\u003e\n\n\u003c/tr\u003e\n\n\u003ctr bgcolor=\"#D4E4F3\"\u003e\n\n\u003ctd\u003eLayer\u003c/td\u003e\n\n\u003ctd\u003e36_old_buffer\u003c/td\u003e\n\n\u003c/tr\u003e\n\n\u003ctr\u003e\n\n\u003ctd\u003eColor\u003c/td\u003e\n\n\u003ctd\u003e30\u003c/td\u003e\n\n\u003c/tr\u003e\n\n\u003ctr bgcolor=\"#D4E4F3\"\u003e\n\n\u003ctd\u003eLinetype\u003c/td\u003e\n\n\u003ctd\u003eContinuous\u003c/td\u003e\n\n\u003c/tr\u003e\n\n\u003ctr\u003e\n\n\u003ctd\u003eElevation\u003c/td\u003e\n\n\u003ctd\u003e0\u003c/td\u003e\n\n\u003c/tr\u003e\n\n\u003ctr bgcolor=\"#D4E4F3\"\u003e\n\n\u003ctd\u003eLineWt\u003c/td\u003e\n\n\u003ctd\u003e25\u003c/td\u003e\n\n\u003c/tr\u003e\n\n\u003ctr\u003e\n\n\u003ctd\u003eRefName\u003c/td\u003e\n\n\u003ctd\u003e\u003c/td\u003e\n\n\u003c/tr\u003e\n\n\u003c/table\u003e\n\n\u003c/td\u003e\n\n\u003c/tr\u003e\n\n\u003c/table\u003e\n\n\u003c/body\u003e\n\n\u003c/html\u003e","Shape_Length":0.1589461269528753}},{"type":"Feature","id":9,"geometry":{"type":"LineString","coordinates":[[59.49245742200003,36.448075505000077],[59.492415890000075,36.448172165000074],[59.492359111000042,36.448280792000048],[59.49229366000003,36.44838618700004],[59.492219816000045,36.448487898000053],[59.492137896000031,36.448585489000038],[59.492048251000028,36.448678543000028],[59.491951265000068,36.448766660000047],[59.491847352000036,36.448849464000034],[59.491786253000043,36.448893413000064],[59.491732410000054,36.448930735000033],[59.490771222000035,36.449603513000056],[59.49071378800005,36.44964236800007],[59.490597383000079,36.449713505000034],[59.490475469000046,36.449778339000034],[59.490413270000033,36.449808001000065],[59.48983546200003,36.450073446000033],[59.489770759000066,36.450102038000068],[59.489639412000031,36.450153459000035],[59.489625121000074,36.450158546000068],[59.489159769000082,36.450471360000051],[59.489092222000068,36.450523936000025],[59.488981823000074,36.450601070000062],[59.488974528000028,36.450605818000042],[59.488703712000074,36.450781341000038],[59.488594599000066,36.450847727000053],[59.488472682000065,36.450912559000074],[59.48837119600006,36.450959845000057],[59.487669930000038,36.451267053000038],[59.487644510000052,36.451278018000039],[59.48760726900008,36.451293473000078],[59.485644830000069,36.452089194000052],[59.480315649000033,36.454277698000055],[59.48027230200006,36.454295022000053],[59.480251186000032,36.454303233000076],[59.480237303000081,36.454308584000046],[59.480177724000043,36.454331342000046],[59.480112063000036,36.454357981000044],[59.480076479000047,36.454371828000035],[59.480071910000049,36.454373601000043],[59.479885529000057,36.454445712000052],[59.479877940000051,36.454449349000072],[59.47982563100004,36.454473646000054],[59.479786666000052,36.454491844000074],[59.479707932000053,36.454526925000039],[59.479679290000036,36.454538871000068],[59.47805141200007,36.45520590700005],[59.478048833000059,36.45520696300008],[59.474741795000057,36.45655759400006],[59.47245683400007,36.457500749000076],[59.472349055000052,36.457542333000049],[59.468835908000074,36.458805594000069],[59.46883495000003,36.458805939000058],[59.468833896000035,36.45880631700004],[59.464453706000029,36.460376967000059],[59.462843641000063,36.460960414000056],[59.46283664200007,36.460962939000069],[59.462800628000082,36.460975563000034],[59.462370141000065,36.461122850000038],[59.462325227000065,36.46113775300006],[59.454284050000069,36.464021655000067],[59.44779873400006,36.466352322000034],[59.447744095000076,36.466372647000071],[59.447706640000035,36.466385759000048],[59.447658685000079,36.466402126000048],[59.444089098000063,36.467692965000026],[59.442030239000076,36.468441467000048],[59.442020274000072,36.468445067000061],[59.442010512000081,36.468448546000047],[59.440370679000068,36.469029330000069],[59.440357512000048,36.469033952000075],[59.438893355000062,36.469543441000042],[59.438597857000047,36.469649344000061],[59.438597065000067,36.469649627000024],[59.43846256300003,36.469693660000075],[59.438323969000066,36.469730735000041],[59.438312841000027,36.469733071000064]]},"properties":{"OBJECTID":9,"Name":"Placemark","FolderPath":"Temporary Places/حریم 200 متری گاز/Harim200_Gaz_Project","SymbolID":0,"AltMode":0,"Base":0,"Clamped":-1,"Extruded":0,"Snippet":"","PopupInfo":"\u003chtml xmlns:fo=\"http://www.w3.org/1999/XSL/Format\" xmlns:msxsl=\"urn:schemas-microsoft-com:xslt\"\u003e\n\n\u003chead\u003e\n\n\u003cMETA http-equiv=\"Content-Type\" content=\"text/html\"\u003e\n\n\u003cmeta http-equiv=\"content-type\" content=\"text/html; charset=UTF-8\"\u003e\n\n\u003c/head\u003e\n\n\u003cbody style=\"margin:0px 0px 0px 0px;overflow:auto;background:#FFFFFF;\"\u003e\n\n\u003ctable style=\"font-family:Arial,Verdana,Times;font-size:12px;text-align:left;width:100%;border-collapse:collapse;padding:3px 3px 3px 3px\"\u003e\n\n\u003ctr style=\"text-align:center;font-weight:bold;background:#9CBCE2\"\u003e\n\n\u003ctd\u003e\u003c/td\u003e\n\n\u003c/tr\u003e\n\n\u003ctr\u003e\n\n\u003ctd\u003e\n\n\u003ctable style=\"font-family:Arial,Verdana,Times;font-size:12px;text-align:left;width:100%;border-spacing:0px; padding:3px 3px 3px 3px\"\u003e\n\n\u003ctr\u003e\n\n\u003ctd\u003eEntity\u003c/td\u003e\n\n\u003ctd\u003eLWPolyline\u003c/td\u003e\n\n\u003c/tr\u003e\n\n\u003ctr bgcolor=\"#D4E4F3\"\u003e\n\n\u003ctd\u003eLayer\u003c/td\u003e\n\n\u003ctd\u003enirogahbuffer\u003c/td\u003e\n\n\u003c/tr\u003e\n\n\u003ctr\u003e\n\n\u003ctd\u003eColor\u003c/td\u003e\n\n\u003ctd\u003e30\u003c/td\u003e\n\n\u003c/tr\u003e\n\n\u003ctr bgcolor=\"#D4E4F3\"\u003e\n\n\u003ctd\u003eLinetype\u003c/td\u003e\n\n\u003ctd\u003eContinuous\u003c/td\u003e\n\n\u003c/tr\u003e\n\n\u003ctr\u003e\n\n\u003ctd\u003eElevation\u003c/td\u003e\n\n\u003ctd\u003e0\u003c/td\u003e\n\n\u003c/tr\u003e\n\n\u003ctr bgcolor=\"#D4E4F3\"\u003e\n\n\u003ctd\u003eLineWt\u003c/td\u003e\n\n\u003ctd\u003e25\u003c/td\u003e\n\n\u003c/tr\u003e\n\n\u003ctr\u003e\n\n\u003ctd\u003eRefName\u003c/td\u003e\n\n\u003ctd\u003e\u003c/td\u003e\n\n\u003c/tr\u003e\n\n\u003c/table\u003e\n\n\u003c/td\u003e\n\n\u003c/tr\u003e\n\n\u003c/table\u003e\n\n\u003c/body\u003e\n\n\u003c/html\u003e","Shape_Length":0.058554361509706492}},{"type":"Feature","id":10,"geometry":{"type":"LineString","coordinates":[[59.438628780000045,36.465580392000049],[59.434578081000041,36.467118260000063]]},"properties":{"OBJECTID":10,"Name":"Placemark","FolderPath":"Temporary Places/حریم 200 متری گاز/Harim200_Gaz_Project","SymbolID":0,"AltMode":0,"Base":0,"Clamped":-1,"Extruded":0,"Snippet":"","PopupInfo":"\u003chtml xmlns:fo=\"http://www.w3.org/1999/XSL/Format\" xmlns:msxsl=\"urn:schemas-microsoft-com:xslt\"\u003e\n\n\u003chead\u003e\n\n\u003cMETA http-equiv=\"Content-Type\" content=\"text/html\"\u003e\n\n\u003cmeta http-equiv=\"content-type\" content=\"text/html; charset=UTF-8\"\u003e\n\n\u003c/head\u003e\n\n\u003cbody style=\"margin:0px 0px 0px 0px;overflow:auto;background:#FFFFFF;\"\u003e\n\n\u003ctable style=\"font-family:Arial,Verdana,Times;font-size:12px;text-align:left;width:100%;border-collapse:collapse;padding:3px 3px 3px 3px\"\u003e\n\n\u003ctr style=\"text-align:center;font-weight:bold;background:#9CBCE2\"\u003e\n\n\u003ctd\u003e\u003c/td\u003e\n\n\u003c/tr\u003e\n\n\u003ctr\u003e\n\n\u003ctd\u003e\n\n\u003ctable style=\"font-family:Arial,Verdana,Times;font-size:12px;text-align:left;width:100%;border-spacing:0px; padding:3px 3px 3px 3px\"\u003e\n\n\u003ctr\u003e\n\n\u003ctd\u003eEntity\u003c/td\u003e\n\n\u003ctd\u003eLine\u003c/td\u003e\n\n\u003c/tr\u003e\n\n\u003ctr bgcolor=\"#D4E4F3\"\u003e\n\n\u003ctd\u003eLayer\u003c/td\u003e\n\n\u003ctd\u003e36_old_buffer\u003c/td\u003e\n\n\u003c/tr\u003e\n\n\u003ctr\u003e\n\n\u003ctd\u003eColor\u003c/td\u003e\n\n\u003ctd\u003e30\u003c/td\u003e\n\n\u003c/tr\u003e\n\n\u003ctr bgcolor=\"#D4E4F3\"\u003e\n\n\u003ctd\u003eLinetype\u003c/td\u003e\n\n\u003ctd\u003eContinuous\u003c/td\u003e\n\n\u003c/tr\u003e\n\n\u003ctr\u003e\n\n\u003ctd\u003eElevation\u003c/td\u003e\n\n\u003ctd\u003e0\u003c/td\u003e\n\n\u003c/tr\u003e\n\n\u003ctr bgcolor=\"#D4E4F3\"\u003e\n\n\u003ctd\u003eLineWt\u003c/td\u003e\n\n\u003ctd\u003e25\u003c/td\u003e\n\n\u003c/tr\u003e\n\n\u003ctr\u003e\n\n\u003ctd\u003eRefName\u003c/td\u003e\n\n\u003ctd\u003e\u003c/td\u003e\n\n\u003c/tr\u003e\n\n\u003c/table\u003e\n\n\u003c/td\u003e\n\n\u003c/tr\u003e\n\n\u003c/table\u003e\n\n\u003c/body\u003e\n\n\u003c/html\u003e","Shape_Length":0.0043328051391795042}},{"type":"Feature","id":11,"geometry":{"type":"LineString","coordinates":[[59.721359754000048,36.319514824000066],[59.721309935000079,36.319556504000047],[59.721214218000057,36.319627746000037],[59.721113523000042,36.319694346000063],[59.721008195000081,36.319756074000054],[59.720898593000072,36.319812719000026],[59.718934564000051,36.320763577000037],[59.718900284000028,36.320779838000078],[59.714163694000035,36.322980856000072],[59.71348320900006,36.323305061000042],[59.713459760000035,36.323316078000062],[59.713391508000029,36.323346426000057],[59.712481654000044,36.323734375000072],[59.71236263000003,36.323781519000079],[59.712240349000069,36.323822848000077],[59.712115246000053,36.323858218000055],[59.71198776500006,36.323887502000048],[59.71185835700004,36.323910598000055],[59.711727479000047,36.323927423000043],[59.711356896000041,36.323965953000027],[59.711222987000042,36.323976559000073],[59.71108853100003,36.323980600000027],[59.710954018000052,36.323978062000037],[59.710819940000079,36.323968953000076],[59.710686788000032,36.323953309000046],[59.710555045000035,36.323931185000049],[59.70742798100008,36.323325695000051],[59.705568870000036,36.322992480000039]]},"properties":{"OBJECTID":11,"Name":"Placemark","FolderPath":"Temporary Places/حریم 200 متری گاز/Harim200_Gaz_Project","SymbolID":0,"AltMode":0,"Base":0,"Clamped":-1,"Extruded":0,"Snippet":"","PopupInfo":"\u003chtml xmlns:fo=\"http://www.w3.org/1999/XSL/Format\" xmlns:msxsl=\"urn:schemas-microsoft-com:xslt\"\u003e\n\n\u003chead\u003e\n\n\u003cMETA http-equiv=\"Content-Type\" content=\"text/html\"\u003e\n\n\u003cmeta http-equiv=\"content-type\" content=\"text/html; charset=UTF-8\"\u003e\n\n\u003c/head\u003e\n\n\u003cbody style=\"margin:0px 0px 0px 0px;overflow:auto;background:#FFFFFF;\"\u003e\n\n\u003ctable style=\"font-family:Arial,Verdana,Times;font-size:12px;text-align:left;width:100%;border-collapse:collapse;padding:3px 3px 3px 3px\"\u003e\n\n\u003ctr style=\"text-align:center;font-weight:bold;background:#9CBCE2\"\u003e\n\n\u003ctd\u003e\u003c/td\u003e\n\n\u003c/tr\u003e\n\n\u003ctr\u003e\n\n\u003ctd\u003e\n\n\u003ctable style=\"font-family:Arial,Verdana,Times;font-size:12px;text-align:left;width:100%;border-spacing:0px; padding:3px 3px 3px 3px\"\u003e\n\n\u003ctr\u003e\n\n\u003ctd\u003eEntity\u003c/td\u003e\n\n\u003ctd\u003eLWPolyline\u003c/td\u003e\n\n\u003c/tr\u003e\n\n\u003ctr bgcolor=\"#D4E4F3\"\u003e\n\n\u003ctd\u003eLayer\u003c/td\u003e\n\n\u003ctd\u003e36_new_buffer\u003c/td\u003e\n\n\u003c/tr\u003e\n\n\u003ctr\u003e\n\n\u003ctd\u003eColor\u003c/td\u003e\n\n\u003ctd\u003e30\u003c/td\u003e\n\n\u003c/tr\u003e\n\n\u003ctr bgcolor=\"#D4E4F3\"\u003e\n\n\u003ctd\u003eLinetype\u003c/td\u003e\n\n\u003ctd\u003eContinuous\u003c/td\u003e\n\n\u003c/tr\u003e\n\n\u003ctr\u003e\n\n\u003ctd\u003eElevation\u003c/td\u003e\n\n\u003ctd\u003e0\u003c/td\u003e\n\n\u003c/tr\u003e\n\n\u003ctr bgcolor=\"#D4E4F3\"\u003e\n\n\u003ctd\u003eLineWt\u003c/td\u003e\n\n\u003ctd\u003e25\u003c/td\u003e\n\n\u003c/tr\u003e\n\n\u003ctr\u003e\n\n\u003ctd\u003eRefName\u003c/td\u003e\n\n\u003ctd\u003e\u003c/td\u003e\n\n\u003c/tr\u003e\n\n\u003c/table\u003e\n\n\u003c/td\u003e\n\n\u003c/tr\u003e\n\n\u003c/table\u003e\n\n\u003c/body\u003e\n\n\u003c/html\u003e","Shape_Length":0.016870182317512625}},{"type":"Feature","id":12,"geometry":{"type":"LineString","coordinates":[[59.718422254000075,36.316720058000044],[59.718427883000061,36.316714137000076],[59.718494854000028,36.316647095000064],[59.718565710000064,36.316582721000032],[59.718640289000064,36.31652116500004],[59.718751095000073,36.316433980000056],[59.718831905000059,36.316373471000077],[59.718916310000054,36.316316268000037],[59.719088919000058,36.316205048000029],[59.719186107000041,36.316145862000042],[59.719287142000042,36.31609105900003],[59.719391726000083,36.316040804000068],[59.723037916000067,36.314395933000071],[59.723079999000049,36.314377427000068],[59.723196491000067,36.314327648000074],[59.723202774000072,36.314324963000047],[59.723252337000076,36.31430378400006],[59.723260061000076,36.314300483000068],[59.723384698000075,36.314251182000078],[59.723512887000027,36.314208260000044],[59.723644130000082,36.31417188100005],[59.723741321000034,36.314147652000031],[59.723885923000068,36.314111604000061],[59.724023188000047,36.314081288000068],[59.72405417300007,36.314075489000061],[59.724539508000078,36.313987591000057],[59.724586658000078,36.313979484000072],[59.725446463000083,36.313839848000043],[59.725497812000071,36.313831148000077],[59.727614201000051,36.31348657500007],[59.727622577000034,36.313485205000063],[59.728931175000071,36.313272958000027],[59.72897843800007,36.313265331000025],[59.729061098000045,36.313251994000041],[59.729068185000074,36.313250843000048],[59.729121349000081,36.313242261000028],[59.729217401000028,36.313226756000063],[59.729421229000081,36.31319385200004],[59.738305042000036,36.311738429000059],[59.738309852000043,36.311737654000069],[59.738325885000052,36.311735074000069],[59.739480541000034,36.31154792500007],[59.741643552000028,36.311197354000058],[59.741676254000083,36.311192155000072],[59.741713102000062,36.311186080000027],[59.743108489000065,36.310959898000078],[59.743405361000043,36.310908805000054],[59.744024270000068,36.31080227800004],[59.744283248000045,36.310757703000036],[59.744338532000029,36.310748778000061],[59.745238430000029,36.310613062000073],[59.745555645000081,36.31053597600004],[59.745671678000065,36.31050778000008],[59.745893779000028,36.310453807000044],[59.746072732000073,36.310410318000038],[59.746278615000051,36.310360285000058],[59.746404562000066,36.310328460000051],[59.746417199000064,36.310325268000042],[59.748092458000031,36.30985490900008],[59.748757474000058,36.309668187000057],[59.748833165000065,36.309648154000058],[59.748958980000054,36.309620099000028],[59.748966178000046,36.30961867700006],[59.749018553000042,36.309608324000067],[59.749086877000082,36.309591557000033],[59.749166639000066,36.309573288000024],[59.749236974000041,36.30955831700004],[59.749973006000062,36.309360691000052],[59.752252637000026,36.308737085000075],[59.75630325000003,36.307628887000078],[59.759291967000081,36.306809557000065],[59.759299213000077,36.306807567000078],[59.759303943000077,36.306806272000074],[59.763918495000041,36.305550274000041],[59.764052376000052,36.30551758200005],[59.76418852900008,36.305491759000063],[59.764326417000063,36.305472905000045],[59.764465495000081,36.305461097000034],[59.764605215000074,36.305456380000066],[59.764745025000082,36.305458773000055],[59.764884373000029,36.305468267000037],[59.765022710000039,36.305484823000029],[59.76515949000003,36.30550837800007],[59.76529417200004,36.305538837000029],[59.765426226000045,36.305576081000027],[59.765555130000052,36.305619963000026],[59.765680376000034,36.30567030900005],[59.765801469000053,36.30572692100003],[59.765917931000047,36.305789576000052],[59.766029304000028,36.305858026000067],[59.766116306000072,36.305918833000078]]},"properties":{"OBJECTID":12,"Name":"Placemark","FolderPath":"Temporary Places/حریم 200 متری گاز/Harim200_Gaz_Project","SymbolID":0,"AltMode":0,"Base":0,"Clamped":-1,"Extruded":0,"Snippet":"","PopupInfo":"\u003chtml xmlns:fo=\"http://www.w3.org/1999/XSL/Format\" xmlns:msxsl=\"urn:schemas-microsoft-com:xslt\"\u003e\n\n\u003chead\u003e\n\n\u003cMETA http-equiv=\"Content-Type\" content=\"text/html\"\u003e\n\n\u003cmeta http-equiv=\"content-type\" content=\"text/html; charset=UTF-8\"\u003e\n\n\u003c/head\u003e\n\n\u003cbody style=\"margin:0px 0px 0px 0px;overflow:auto;background:#FFFFFF;\"\u003e\n\n\u003ctable style=\"font-family:Arial,Verdana,Times;font-size:12px;text-align:left;width:100%;border-collapse:collapse;padding:3px 3px 3px 3px\"\u003e\n\n\u003ctr style=\"text-align:center;font-weight:bold;background:#9CBCE2\"\u003e\n\n\u003ctd\u003e\u003c/td\u003e\n\n\u003c/tr\u003e\n\n\u003ctr\u003e\n\n\u003ctd\u003e\n\n\u003ctable style=\"font-family:Arial,Verdana,Times;font-size:12px;text-align:left;width:100%;border-spacing:0px; padding:3px 3px 3px 3px\"\u003e\n\n\u003ctr\u003e\n\n\u003ctd\u003eEntity\u003c/td\u003e\n\n\u003ctd\u003eLWPolyline\u003c/td\u003e\n\n\u003c/tr\u003e\n\n\u003ctr bgcolor=\"#D4E4F3\"\u003e\n\n\u003ctd\u003eLayer\u003c/td\u003e\n\n\u003ctd\u003e36_new_buffer\u003c/td\u003e\n\n\u003c/tr\u003e\n\n\u003ctr\u003e\n\n\u003ctd\u003eColor\u003c/td\u003e\n\n\u003ctd\u003e30\u003c/td\u003e\n\n\u003c/tr\u003e\n\n\u003ctr bgcolor=\"#D4E4F3\"\u003e\n\n\u003ctd\u003eLinetype\u003c/td\u003e\n\n\u003ctd\u003eContinuous\u003c/td\u003e\n\n\u003c/tr\u003e\n\n\u003ctr\u003e\n\n\u003ctd\u003eElevation\u003c/td\u003e\n\n\u003ctd\u003e0\u003c/td\u003e\n\n\u003c/tr\u003e\n\n\u003ctr bgcolor=\"#D4E4F3\"\u003e\n\n\u003ctd\u003eLineWt\u003c/td\u003e\n\n\u003ctd\u003e25\u003c/td\u003e\n\n\u003c/tr\u003e\n\n\u003ctr\u003e\n\n\u003ctd\u003eRefName\u003c/td\u003e\n\n\u003ctd\u003e\u003c/td\u003e\n\n\u003c/tr\u003e\n\n\u003c/table\u003e\n\n\u003c/td\u003e\n\n\u003c/tr\u003e\n\n\u003c/table\u003e\n\n\u003c/body\u003e\n\n\u003c/html\u003e","Shape_Length":0.049380219526664583}},{"type":"Feature","id":13,"geometry":{"type":"LineString","coordinates":[[59.488555461000033,36.446065024000063],[59.488599152000063,36.445999485000073],[59.488673230000074,36.445903365000049],[59.488754634000031,36.445811193000054],[59.488843041000052,36.445723334000036],[59.488938105000045,36.44564013400003],[59.489039448000028,36.445561922000024],[59.489050944000041,36.445553592000067],[59.489068791000079,36.445540799000071],[59.489135825000062,36.445493259000045],[59.489240428000073,36.445415223000055],[59.48924990200004,36.445408195000027],[59.489296032000027,36.445375111000033],[59.489430180000056,36.445281544000068],[59.489951552000036,36.444902802000058],[59.490978195000082,36.444157001000065],[59.490982317000032,36.444154037000033],[59.491044897000052,36.444109275000073],[59.491694683000048,36.443633925000029],[59.491705221000075,36.443626194000046],[59.49191959400008,36.443469671000059],[59.494748514000037,36.441405350000025],[59.49486608400008,36.441319555000064],[59.497377146000076,36.439491641000075],[59.499287679000076,36.438100847000044],[59.499299503000032,36.438092186000063],[59.502967487000035,36.435414747000038],[59.503948782000066,36.434633775000066],[59.505449673000044,36.433439232000069],[59.505455289000054,36.433434778000048],[59.505516761000081,36.433386178000035],[59.50733166200007,36.431951204000029],[59.509461048000048,36.43025607900006],[59.509530594000069,36.430203039000048],[59.509602890000053,36.430152459000055],[59.509677803000045,36.430104429000039],[59.510196026000074,36.429786568000054],[59.510286995000058,36.429730770000049],[59.510352091000073,36.429692320000072],[59.510358737000047,36.429688557000077],[59.510384070000043,36.429674271000067],[59.512314606000075,36.428585517000045],[59.512362367000037,36.428558463000059],[59.51377251200006,36.427759690000073],[59.516042163000066,36.42647398400004],[59.517396562000044,36.425706710000043],[59.517400747000067,36.425704342000074],[59.519464629000026,36.424535846000026],[59.521986512000069,36.423107952000066],[59.522436503000051,36.422853156000031],[59.52244427800008,36.422848774000045],[59.523451074000036,36.422283833000051],[59.523515170000053,36.42224574800008],[59.523598790000051,36.422200436000026],[59.523619799000073,36.422189599000035],[59.526484301000039,36.420563137000045],[59.526488924000034,36.420560519000048],[59.52745498400003,36.420013615000073],[59.528133885000045,36.419629267000062],[59.53108766400004,36.417956952000054],[59.531408224000074,36.417775333000066],[59.531457170000067,36.41774760100003],[59.534747777000064,36.41588314300003],[59.537105820000079,36.414548191000051],[59.538412228000027,36.413807728000052],[59.538418573000058,36.413804145000029],[59.53949289600007,36.413199691000045],[59.539576620000048,36.413152593000063],[59.539582544000041,36.413149247000035],[59.539603431000046,36.413137419000066],[59.54010085200008,36.412855831000059],[59.540120393000052,36.412833720000037],[59.540309457000035,36.412619145000065],[59.540320394000048,36.412606843000049],[59.540526509000074,36.412377029000027],[59.542364640000073,36.410325102000058],[59.545010771000079,36.407372688000066],[59.547239017000038,36.404897130000052],[59.54791835900005,36.404143767000051],[59.548161673000038,36.40387394000004],[59.548954472000048,36.402994731000035],[59.549453413000037,36.402440562000038],[59.550952202000076,36.400775808000049],[59.550990047000028,36.400733770000045],[59.551032285000076,36.400686854000071],[59.55114418900007,36.400558910000029],[59.551246414000047,36.400440162000052],[59.551288068000076,36.400393387000065],[59.551353866000056,36.400325403000068],[59.551432497000064,36.400248049000027],[59.551454721000027,36.400226530000054],[59.551458576000073,36.400222867000025],[59.55150363000007,36.40018008800007],[59.551578072000041,36.400112888000024],[59.551656581000032,36.400048785000024],[59.551738958000044,36.399987936000059],[59.55177457800005,36.399962859000027],[59.551856096000051,36.399905484000044],[59.551926345000027,36.39985787300003],[59.551990457000045,36.399817750000068],[59.555108168000061,36.397938789000079],[59.557498695000049,36.396503762000066],[59.558934579000038,36.395643168000049],[59.560512485000061,36.394697416000042],[59.560654396000075,36.394612357000028],[59.560659523000027,36.394609294000077],[59.563651722000031,36.392826466000031],[59.56705587600004,36.390793399000074],[59.567644536000046,36.390433981000058],[59.567701079000074,36.390395932000047],[59.56779543600004,36.390337874000068],[59.568174807000048,36.39011707800006],[59.568375494000065,36.389995752000061],[59.568471914000042,36.389940620000061],[59.568571811000027,36.389889694000033],[59.56872874700008,36.389814314000034],[59.56874442700007,36.389806852000049],[59.568961909000052,36.389704322000057],[59.568980472000078,36.389695667000069],[59.573993294000047,36.387384157000042],[59.574049291000051,36.387359188000062],[59.574110214000029,36.387332904000061],[59.574142307000045,36.387318824000033],[59.575135284000055,36.386861067000041],[59.576244731000031,36.386349600000074],[59.577541969000038,36.385744411000076],[59.581848536000052,36.383735138000077],[59.582012003000045,36.383658866000076],[59.583236834000047,36.383087599000078],[59.585216844000058,36.382164096000054],[59.585227350000082,36.382159171000069],[59.585711348000075,36.381932794000079],[59.586343579000072,36.381637083000044],[59.591165517000036,36.379390193000063],[59.592190825000046,36.378913877000059],[59.593634406000035,36.378243229000077],[59.595508081000048,36.377372727000079],[59.598758435000036,36.375857950000068],[59.598892141000078,36.375795635000031],[59.600235419000057,36.375169576000076],[59.600240504000055,36.375167213000054],[59.602921123000044,36.373922855000046],[59.602994876000082,36.37388603800008],[59.603056390000063,36.373855332000062],[59.603062846000057,36.373852115000034],[59.603120577000027,36.373824415000058],[59.604727879000052,36.373079447000066],[59.604792929000041,36.373050450000051],[59.604905763000033,36.373005371000033],[59.605202279000082,36.372895219000043],[59.605320255000038,36.372854674000052],[59.605440918000056,36.372819682000056],[59.605563869000036,36.372790360000067],[59.60579715800003,36.372740589000045],[59.605807968000079,36.372738280000078],[59.605817097000056,36.37273633600006],[59.609706017000065,36.371920200000034],[59.609801987000083,36.371849180000027],[59.613146678000078,36.369224342000052],[59.613272259000041,36.369116505000079],[59.613343121000071,36.369043769000029],[59.613361045000033,36.36902561200003],[59.614396399000043,36.367990580000026],[59.614560521000044,36.367825205000031],[59.615052460000072,36.367329504000054],[59.615645590000042,36.366731832000028],[59.615683089000072,36.366695053000058],[59.615760217000059,36.366625179000039],[59.61596383300008,36.366450094000072],[59.616062127000077,36.366370685000049],[59.616166348000036,36.366296386000045],[59.616276094000057,36.366227486000071],[59.616546981000056,36.366068109000025],[59.616573731000074,36.366052614000068],[59.616584915000033,36.366046277000066],[59.616629842000066,36.36602098700007],[59.617115898000065,36.365747406000025],[59.618453756000065,36.364982174000033],[59.619657861000064,36.364293420000024],[59.622897324000064,36.362440312000047],[59.622901249000051,36.362438069000063],[59.626226557000052,36.360535346000063],[59.627334432000055,36.359901387000036],[59.629894130000082,36.358443707000049],[59.629910553000059,36.358434355000043],[59.630901855000047,36.357843609000042],[59.630926897000052,36.35782888500006],[59.631049873000052,36.357757632000073],[59.631082150000054,36.357738930000039],[59.63118946700007,36.357676749000063],[59.63119965900006,36.357670884000072],[59.631403145000036,36.357554472000061],[59.631425144000048,36.35754206200005],[59.631429073000049,36.357539878000068],[59.631488760000082,36.357506784000066],[59.632180015000074,36.35711245400006],[59.632277694000038,36.357055710000054],[59.632284194000079,36.35705192000006],[59.632297090000066,36.357044352000059],[59.632320826000068,36.357030441000063],[59.632327159000056,36.357026743000063],[59.632344310000065,36.357016860000044],[59.636745838000081,36.354506271000048],[59.64080528900007,36.352183077000063],[59.640847090000079,36.352159760000063],[59.64109932100007,36.352022341000065],[59.641118647000042,36.352009731000066],[59.641122022000047,36.352007528000058],[59.641181322000079,36.35197022300008],[59.641243781000071,36.351932279000039],[59.641294781000056,36.351902168000038],[59.645383415000083,36.349559231000057],[59.64539290700003,36.349553830000048],[59.646939197000052,36.348679212000036],[59.649635638000063,36.347153948000027],[59.649787034000042,36.347049481000056],[59.649869771000056,36.346995002000028],[59.649955633000047,36.346943785000065],[59.652500287000066,36.34550074200007],[59.653300304000027,36.345036563000065],[59.653314217000059,36.345028557000035],[59.653323024000031,36.345023554000079],[59.654498592000039,36.344359295000061],[59.656299904000036,36.343299756000079],[59.656303769000033,36.343297482000025],[59.656329605000053,36.343282507000026],[59.656388081000046,36.343250235000028],[59.656418715000029,36.34323390000003],[59.656480209000051,36.343202190000056],[59.656506378000074,36.343189378000034],[59.656557623000083,36.343164677000061],[59.65672614500005,36.343083444000058],[59.656755897000039,36.343069102000072],[59.65677054300005,36.343062106000048],[59.657379754000033,36.342773573000045],[59.659280142000057,36.341873485000065],[59.662789313000076,36.340035470000032],[59.662804626000081,36.340027512000063],[59.662832671000047,36.340013067000029],[59.662863437000055,36.339997221000033],[59.662889715000063,36.339983884000048],[59.662957214000073,36.33995015000005],[59.663081684000076,36.339887944000054],[59.663118982000071,36.339869303000057],[59.665897692000044,36.338474139000027],[59.667520600000046,36.337659242000029],[59.667942829000083,36.337446489000058],[59.668067066000049,36.337383886000055],[59.668427980000047,36.337202025000067],[59.668440788000055,36.337195608000059],[59.668456524000078,36.337187854000035],[59.668734640000082,36.337052073000052],[59.668769945000065,36.337035194000066],[59.668774633000055,36.33703299900003],[59.668923741000071,36.336963199000024],[59.669113013000072,36.336874598000065],[59.669126879000032,36.336868107000043],[59.669761237000046,36.336561799000037],[59.673992507000037,36.334416728000065],[59.674008575000073,36.334408659000076],[59.67402605500007,36.334400052000035],[59.676103082000054,36.333387924000078],[59.676175054000055,36.333354316000054],[59.679240017000041,36.331984059000035],[59.67999207500003,36.331639210000048],[59.680519631000038,36.331397299000059],[59.680946956000071,36.331201347000047],[59.680996149000066,36.331179448000057],[59.681052517000069,36.331155098000067],[59.681069249000075,36.331147870000052],[59.687182611000082,36.328436263000071],[59.687264988000038,36.328399721000039],[59.687481127000069,36.328303842000025],[59.687687629000038,36.328207470000052],[59.68952665300003,36.327349201000061],[59.691087253000035,36.326553450000063],[59.694395902000053,36.324703667000051],[59.694426244000056,36.32468699900005],[59.69446021400006,36.324668669000062],[59.696974825000041,36.323196776000032],[59.697071104000031,36.323127818000046],[59.697172154000043,36.323063486000024],[59.697355863000041,36.322953333000044],[59.69738114900008,36.322938171000033],[59.698557311000059,36.322232910000025],[59.699081576000083,36.321886276000043],[59.70075029700007,36.32047069500004],[59.700755801000071,36.320466043000067],[59.700774168000066,36.320450755000024],[59.701625438000065,36.319750518000035],[59.701719790000027,36.319677332000026],[59.701819286000045,36.319608752000079],[59.701923582000063,36.319545013000038],[59.702032320000058,36.319486337000058],[59.702145125000072,36.319432926000047],[59.702261608000072,36.319384962000072],[59.702389792000076,36.319335958000067],[59.702518891000068,36.319290585000033],[59.70265127600004,36.319251905000044],[59.702932416000067,36.319177799000045],[59.703040449000071,36.319151752000039],[59.703149973000052,36.319130162000079],[59.703260707000027,36.319113086000073],[59.703372367000043,36.319100568000067],[59.703484666000065,36.319092639000075],[59.703889165000078,36.319072412000025],[59.704013531000044,36.319069013000046],[59.704137938000031,36.319071241000074],[59.70426199700006,36.319079090000059],[59.704385321000075,36.319092537000074],[59.704507523000075,36.319111537000026],[59.705633163000073,36.319313099000055],[59.706391289000067,36.319448992000048]]},"properties":{"OBJECTID":13,"Name":"Placemark","FolderPath":"Temporary Places/حریم 200 متری گاز/Harim200_Gaz_Project","SymbolID":0,"AltMode":0,"Base":0,"Clamped":-1,"Extruded":0,"Snippet":"","PopupInfo":"\u003chtml xmlns:fo=\"http://www.w3.org/1999/XSL/Format\" xmlns:msxsl=\"urn:schemas-microsoft-com:xslt\"\u003e\n\n\u003chead\u003e\n\n\u003cMETA http-equiv=\"Content-Type\" content=\"text/html\"\u003e\n\n\u003cmeta http-equiv=\"content-type\" content=\"text/html; charset=UTF-8\"\u003e\n\n\u003c/head\u003e\n\n\u003cbody style=\"margin:0px 0px 0px 0px;overflow:auto;background:#FFFFFF;\"\u003e\n\n\u003ctable style=\"font-family:Arial,Verdana,Times;font-size:12px;text-align:left;width:100%;border-collapse:collapse;padding:3px 3px 3px 3px\"\u003e\n\n\u003ctr style=\"text-align:center;font-weight:bold;background:#9CBCE2\"\u003e\n\n\u003ctd\u003e\u003c/td\u003e\n\n\u003c/tr\u003e\n\n\u003ctr\u003e\n\n\u003ctd\u003e\n\n\u003ctable style=\"font-family:Arial,Verdana,Times;font-size:12px;text-align:left;width:100%;border-spacing:0px; padding:3px 3px 3px 3px\"\u003e\n\n\u003ctr\u003e\n\n\u003ctd\u003eEntity\u003c/td\u003e\n\n\u003ctd\u003eLWPolyline\u003c/td\u003e\n\n\u003c/tr\u003e\n\n\u003ctr bgcolor=\"#D4E4F3\"\u003e\n\n\u003ctd\u003eLayer\u003c/td\u003e\n\n\u003ctd\u003e36_new_buffer\u003c/td\u003e\n\n\u003c/tr\u003e\n\n\u003ctr\u003e\n\n\u003ctd\u003eColor\u003c/td\u003e\n\n\u003ctd\u003e30\u003c/td\u003e\n\n\u003c/tr\u003e\n\n\u003ctr bgcolor=\"#D4E4F3\"\u003e\n\n\u003ctd\u003eLinetype\u003c/td\u003e\n\n\u003ctd\u003eContinuous\u003c/td\u003e\n\n\u003c/tr\u003e\n\n\u003ctr\u003e\n\n\u003ctd\u003eElevation\u003c/td\u003e\n\n\u003ctd\u003e0\u003c/td\u003e\n\n\u003c/tr\u003e\n\n\u003ctr bgcolor=\"#D4E4F3\"\u003e\n\n\u003ctd\u003eLineWt\u003c/td\u003e\n\n\u003ctd\u003e25\u003c/td\u003e\n\n\u003c/tr\u003e\n\n\u003ctr\u003e\n\n\u003ctd\u003eRefName\u003c/td\u003e\n\n\u003ctd\u003e\u003c/td\u003e\n\n\u003c/tr\u003e\n\n\u003c/table\u003e\n\n\u003c/td\u003e\n\n\u003c/tr\u003e\n\n\u003c/table\u003e\n\n\u003c/body\u003e\n\n\u003c/html\u003e","Shape_Length":0.25441806539457867}},{"type":"Feature","id":14,"geometry":{"type":"LineString","coordinates":[[59.705568870000036,36.322992480000039],[59.704744160000075,36.32288933600006],[59.704689379000058,36.322881917000075],[59.704622801000028,36.322871358000043],[59.704293770000049,36.322814951000055],[59.701627848000044,36.325033701000052],[59.701544563000027,36.325099482000041],[59.701457144000074,36.325161652000077],[59.701365831000032,36.32522004100008],[59.700144660000035,36.325959771000043],[59.70003996500003,36.326019466000048],[59.69990398300007,36.32609235700005],[59.699491096000031,36.326342096000076],[59.699445117000039,36.326369173000046],[59.697091164000028,36.327718511000057],[59.697061804000043,36.327735331000042],[59.697053840000081,36.327739901000029],[59.69403905300004,36.329461959000071],[59.694007733000035,36.329479525000067],[59.693758110000033,36.329616987000065],[59.69299301500007,36.330038301000059],[59.692909215000043,36.330082256000026],[59.692823063000048,36.330123124000067],[59.691797167000061,36.330585098000029],[59.691764355000032,36.330599679000045],[59.689681680000035,36.331537681000043],[59.689674849000028,36.331540772000039],[59.689337453000064,36.331694017000075],[59.689186147000044,36.331762737000076],[59.686154014000067,36.333139793000043],[59.68614253100003,36.333144972000071],[59.683254115000068,36.334438550000073],[59.683246437000037,36.334441999000035],[59.683140983000044,36.33448923900005],[59.681449987000065,36.335246719000054],[59.678299942000081,36.336663055000031],[59.675103093000075,36.338227183000072],[59.672157811000034,36.339716268000075],[59.671772131000068,36.339911252000036],[59.671763306000059,36.339915691000044],[59.671479605000059,36.340057633000072],[59.670920736000028,36.340340634000029],[59.670889157000033,36.340356691000068],[59.67086945300008,36.340366652000057],[59.670358527000076,36.340619568000079],[59.669941631000029,36.340825933000076],[59.665671949000057,36.342989680000073],[59.665631202000043,36.343009838000057],[59.665204820000042,36.343215737000037],[59.663778009000055,36.343944853000039],[59.663767237000059,36.343950389000042],[59.663749754000037,36.343959329000029],[59.66165144200005,36.345009818000051],[59.661620571000071,36.345025032000024],[59.65908478800003,36.346294681000074],[59.658956862000082,36.346359492000033],[59.658494590000032,36.346598345000075],[59.657830550000028,36.346984199000076],[59.657223846000079,36.347354951000057],[59.657201516000043,36.347368411000048],[59.657146963000059,36.347400866000044],[59.657007759000066,36.347483674000046],[59.65693570600007,36.34752478300004],[59.656013751000046,36.348028986000031],[59.655958643000076,36.348060990000079],[59.655914136000035,36.348086177000027],[59.655905140000073,36.34809113600005],[59.655875750000064,36.348105764000024],[59.655817219000028,36.348142495000047],[59.65575844500006,36.348177159000045],[59.655712227000038,36.348203492000039],[59.655582596000045,36.348280492000072],[59.655540402000042,36.348304947000031],[59.65501998700006,36.348599216000025],[59.654943148000029,36.34864409100004],[59.654879416000028,36.348682796000048],[59.654826074000027,36.348714202000053],[59.654031046000057,36.349167848000036],[59.654016201000047,36.34917635000005],[59.652598907000026,36.349982596000075],[59.652577724000082,36.349994750000064],[59.649933803000067,36.351499428000068],[59.649249181000073,36.351892231000079],[59.647257866000075,36.353034699000034],[59.643970878000061,36.354923143000065],[59.643945214000041,36.354937668000048],[59.643917243000033,36.354953014000046],[59.643907480000053,36.354958296000063],[59.643776241000069,36.355029305000073],[59.643490338000049,36.355191897000054],[59.640692682000065,36.35680663100004],[59.640685266000048,36.356810893000045],[59.635019938000028,36.360052197000073],[59.635009745000048,36.360058051000067],[59.634988660000033,36.360070116000031],[59.634982920000027,36.360073391000071],[59.634891171000049,36.360125849000042],[59.634875898000075,36.360134624000068],[59.634314583000048,36.360455174000037],[59.634308610000062,36.360458599000026],[59.634120856000038,36.360566516000063],[59.634099161000051,36.360578880000048],[59.634032895000075,36.360617070000046],[59.634024899000053,36.360621651000031],[59.633816206000063,36.360741609000058],[59.633720733000075,36.360797222000031],[59.63370764900003,36.360804785000028],[59.63363795500004,36.360844716000031],[59.632295782000028,36.361613630000079],[59.629483702000073,36.363224052000078],[59.628909905000057,36.363552236000032],[59.62836890400007,36.36386165600004],[59.62536016100006,36.365582392000078],[59.625331585000083,36.365598549000026],[59.622136098000055,36.367425497000056],[59.622131963000072,36.367427852000048],[59.621285723000028,36.367910018000032],[59.621218572000032,36.367948279000075],[59.61913226300004,36.369136944000047],[59.618193151000071,36.370080872000074],[59.617912783000065,36.370362671000066],[59.61683632900008,36.371452853000051],[59.616769297000076,36.371517569000048],[59.616593794000039,36.371679164000057],[59.616573350000067,36.371697728000072],[59.616493616000071,36.371765507000077],[59.616294510000046,36.371926193000036],[59.616276203000041,36.371940797000036],[59.616271194000035,36.371944736000046],[59.612736229000063,36.374714881000045],[59.61263692600005,36.374788129000024],[59.612584406000053,36.374823469000034],[59.612306344000046,36.37500480500006],[59.612198651000028,36.375070780000044],[59.612086211000076,36.375131356000054],[59.611969438000074,36.375186310000061],[59.611848760000044,36.375235439000051],[59.611724621000064,36.375278563000052],[59.611440466000033,36.375369125000077],[59.611316772000066,36.375405174000036],[59.611190663000059,36.375435262000053],[59.607004284000027,36.376326272000028],[59.606907635000027,36.376348260000043],[59.606837647000077,36.376376642000025],[59.605358550000062,36.377066987000035],[59.605273702000034,36.377104642000063],[59.605186910000043,36.377139281000041],[59.605135616000041,36.377158644000076],[59.605131204000031,36.377160310000079],[59.605114797000056,36.377166420000037],[59.602519321000045,36.378392124000072],[59.602507409000054,36.378397709000069],[59.59783556900004,36.380572537000035],[59.59783073300008,36.380574796000076],[59.594441738000057,36.382160918000068],[59.594436189000078,36.38216350700003],[59.591259458000081,36.383640301000071],[59.587598402000083,36.385341587000028],[59.587591386000042,36.385344814000064],[59.587538386000062,36.385368891000041],[59.585991471000057,36.386091288000046],[59.584222752000073,36.386916411000072],[59.584064843000078,36.386989856000071],[59.579755557000055,36.388993994000032],[59.578493726000033,36.389580788000046],[59.578489721000039,36.389582650000079],[59.577443907000031,36.390067360000046],[59.577019246000077,36.390264175000027],[59.576413114000047,36.390545089000057],[59.576396643000066,36.390552938000042],[59.57633200500004,36.390584933000071],[59.576282584000069,36.390608693000047],[59.572885563000057,36.392191781000065],[59.570486997000046,36.393352788000072],[59.570435177000036,36.393383251000046],[59.570399226000063,36.393403650000039],[59.569743397000082,36.393795909000062],[59.565027671000053,36.396619610000073],[59.560958012000071,36.399059757000032],[59.560321761000068,36.399441222000064],[59.560317889000032,36.399443542000029],[59.554889940000066,36.402701314000069],[59.554727753000066,36.402881572000069],[59.552755829000034,36.405073120000054],[59.552702907000082,36.405131932000074],[59.552698876000079,36.405136420000076],[59.552690516000041,36.405145765000043],[59.550372760000073,36.407733712000038],[59.546064763000061,36.412523508000049],[59.543903423000074,36.414941825000028],[59.543893709000031,36.414952610000057],[59.543713358000048,36.415151280000032],[59.543660896000063,36.415206782000041],[59.543629945000077,36.415237543000046],[59.543491447000065,36.41537213600003],[59.543401617000029,36.415454221000061],[59.543305780000082,36.415531742000042],[59.543204288000027,36.415604410000071],[59.543097518000081,36.41567195600004],[59.542753193000067,36.415876453000067],[59.542747766000048,36.41587966700007],[59.542599599000027,36.415967108000075],[59.54228695300003,36.416151263000074],[59.542273824000063,36.416159169000025],[59.542247910000071,36.416174657000056],[59.54215567600005,36.416229090000058],[59.542122256000027,36.416248433000078],[59.541349303000061,36.416687160000038],[59.539774560000069,36.417580950000058],[59.537398583000027,36.418925141000045],[59.534735502000046,36.420431385000029],[59.532211714000027,36.421856177000052],[59.530671442000028,36.422731121000027],[59.52998778500006,36.423119457000041],[59.529941916000041,36.42314551100003],[59.529215733000058,36.423557540000047],[59.529163659000062,36.423587528000041],[59.529158467000059,36.423590514000068],[59.526206353000077,36.425257176000059],[59.526178106000032,36.425273061000041],[59.526153439000041,36.425286931000073],[59.526119909000045,36.425305784000045],[59.525980378000042,36.425384242000064],[59.524484873000063,36.426231954000059],[59.522711954000044,36.427233568000077],[59.519715191000046,36.428934578000053],[59.519709455000054,36.428937823000069],[59.518951922000042,36.429364923000037],[59.51689414100008,36.430525057000068],[59.516385955000032,36.430813313000044],[59.515363889000071,36.431393041000035],[59.513889107000068,36.432229525000025],[59.513873175000072,36.432238561000077],[59.513031358000035,36.432716013000061],[59.51297773500005,36.432748127000025],[59.512920729000029,36.432781156000033],[59.512626911000041,36.432945801000074],[59.510545921000073,36.434605506000025],[59.510540434000063,36.434609868000052],[59.508069001000081,36.436567278000041],[59.508063205000042,36.436571852000043],[59.50804912500007,36.436582825000073],[59.504944204000083,36.438981473000069],[59.504897097000082,36.439016826000056],[59.502360675000034,36.440866042000039],[59.500448744000039,36.442255508000073],[59.499421256000062,36.443002185000068],[59.496508190000043,36.445127941000067],[59.496462745000031,36.44516049200007],[59.49405842200008,36.446915477000061],[59.494052324000052,36.446919910000076],[59.492582901000048,36.447984146000067],[59.49245742200003,36.448075505000077]]},"properties":{"OBJECTID":14,"Name":"Placemark","FolderPath":"Temporary Places/حریم 200 متری گاز/Harim200_Gaz_Project","SymbolID":0,"AltMode":0,"Base":0,"Clamped":-1,"Extruded":0,"Snippet":"","PopupInfo":"\u003chtml xmlns:fo=\"http://www.w3.org/1999/XSL/Format\" xmlns:msxsl=\"urn:schemas-microsoft-com:xslt\"\u003e\n\n\u003chead\u003e\n\n\u003cMETA http-equiv=\"Content-Type\" content=\"text/html\"\u003e\n\n\u003cmeta http-equiv=\"content-type\" content=\"text/html; charset=UTF-8\"\u003e\n\n\u003c/head\u003e\n\n\u003cbody style=\"margin:0px 0px 0px 0px;overflow:auto;background:#FFFFFF;\"\u003e\n\n\u003ctable style=\"font-family:Arial,Verdana,Times;font-size:12px;text-align:left;width:100%;border-collapse:collapse;padding:3px 3px 3px 3px\"\u003e\n\n\u003ctr style=\"text-align:center;font-weight:bold;background:#9CBCE2\"\u003e\n\n\u003ctd\u003e\u003c/td\u003e\n\n\u003c/tr\u003e\n\n\u003ctr\u003e\n\n\u003ctd\u003e\n\n\u003ctable style=\"font-family:Arial,Verdana,Times;font-size:12px;text-align:left;width:100%;border-spacing:0px; padding:3px 3px 3px 3px\"\u003e\n\n\u003ctr\u003e\n\n\u003ctd\u003eEntity\u003c/td\u003e\n\n\u003ctd\u003eLWPolyline\u003c/td\u003e\n\n\u003c/tr\u003e\n\n\u003ctr bgcolor=\"#D4E4F3\"\u003e\n\n\u003ctd\u003eLayer\u003c/td\u003e\n\n\u003ctd\u003e36_old_buffer\u003c/td\u003e\n\n\u003c/tr\u003e\n\n\u003ctr\u003e\n\n\u003ctd\u003eColor\u003c/td\u003e\n\n\u003ctd\u003e30\u003c/td\u003e\n\n\u003c/tr\u003e\n\n\u003ctr bgcolor=\"#D4E4F3\"\u003e\n\n\u003ctd\u003eLinetype\u003c/td\u003e\n\n\u003ctd\u003eContinuous\u003c/td\u003e\n\n\u003c/tr\u003e\n\n\u003ctr\u003e\n\n\u003ctd\u003eElevation\u003c/td\u003e\n\n\u003ctd\u003e0\u003c/td\u003e\n\n\u003c/tr\u003e\n\n\u003ctr bgcolor=\"#D4E4F3\"\u003e\n\n\u003ctd\u003eLineWt\u003c/td\u003e\n\n\u003ctd\u003e25\u003c/td\u003e\n\n\u003c/tr\u003e\n\n\u003ctr\u003e\n\n\u003ctd\u003eRefName\u003c/td\u003e\n\n\u003ctd\u003e\u003c/td\u003e\n\n\u003c/tr\u003e\n\n\u003c/table\u003e\n\n\u003c/td\u003e\n\n\u003c/tr\u003e\n\n\u003c/table\u003e\n\n\u003c/body\u003e\n\n\u003c/html\u003e","Shape_Length":0.24913905473956002}},{"type":"Feature","id":15,"geometry":{"type":"LineString","coordinates":[[59.766116306000072,36.305918833000078],[59.766144121000082,36.305933826000057],[59.766255416000035,36.306002359000047],[59.766361175000043,36.306076412000039],[59.766460980000033,36.30615569400004],[59.766554438000071,36.306239892000065],[59.766641182000058,36.306328673000053],[59.766720865000082,36.306421687000068],[59.766793176000078,36.306518568000058],[59.76685782900006,36.306618932000049],[59.766914569000051,36.306722384000068],[59.766963171000043,36.306828515000063],[59.767003443000078,36.306936907000079],[59.767035227000065,36.307047132000037],[59.767058398000074,36.307158754000056],[59.767072865000046,36.307271335000053],[59.767078567000056,36.307384428000034],[59.767075486000067,36.307497587000057],[59.767063632000031,36.307610366000063],[59.767043052000076,36.307722322000075],[59.767013827000028,36.307833009000035],[59.76697607300008,36.307941994000032],[59.766929937000043,36.308048844000041],[59.766875604000063,36.308153139000069],[59.766813287000048,36.30825446700004],[59.766743231000078,36.308352428000035],[59.766665713000066,36.308446635000053],[59.766581041000052,36.308536717000038],[59.766489546000059,36.308622318000062],[59.766391591000058,36.308703100000059],[59.76628756100007,36.308778745000041],[59.766177868000057,36.308848953000052],[59.766062945000044,36.308913447000066],[59.765943245000074,36.308971975000077],[59.765819240000042,36.309024304000047],[59.765691420000053,36.309070226000074],[59.765560289000064,36.30910956300005],[59.760812203000057,36.310397997000052],[59.752042032000077,36.312791797000045],[59.750298930000042,36.313267962000054],[59.750283685000056,36.313272076000032],[59.747640433000072,36.313976918000037],[59.74744408600003,36.314029276000042],[59.747313100000042,36.314064201000065],[59.747069973000066,36.314129028000025],[59.746893783000075,36.314176007000071],[59.746806254000035,36.314199344000031],[59.74651979600003,36.314275724000026],[59.746388560000071,36.314307133000057],[59.746255186000042,36.314331954000068],[59.744975667000062,36.314536790000034],[59.744518280000079,36.314610009000035],[59.743452151000042,36.314780666000047],[59.74258433500006,36.314919572000065],[59.742477746000077,36.31493663100008],[59.741464578000034,36.31509879500004],[59.740364035000027,36.31527494200003],[59.739229799000043,36.315456469000026],[59.737884981000036,36.315675110000029],[59.730153482000048,36.316930218000039],[59.730135525000037,36.316933132000031],[59.730093607000072,36.31693993500005],[59.730069165000032,36.316943786000024],[59.729993877000027,36.316955299000028],[59.729743094000071,36.316993642000057],[59.729728374000047,36.316995891000033],[59.728529218000062,36.317184760000032],[59.726943501000051,36.317437299000062],[59.725371964000033,36.317724876000057],[59.725203210000075,36.317759885000044],[59.722001544000079,36.319213697000066],[59.721466918000033,36.31946455700006],[59.721359754000048,36.319514824000066]]},"properties":{"OBJECTID":15,"Name":"Placemark","FolderPath":"Temporary Places/حریم 200 متری گاز/Harim200_Gaz_Project","SymbolID":0,"AltMode":0,"Base":0,"Clamped":-1,"Extruded":0,"Snippet":"","PopupInfo":"\u003chtml xmlns:fo=\"http://www.w3.org/1999/XSL/Format\" xmlns:msxsl=\"urn:schemas-microsoft-com:xslt\"\u003e\n\n\u003chead\u003e\n\n\u003cMETA http-equiv=\"Content-Type\" content=\"text/html\"\u003e\n\n\u003cmeta http-equiv=\"content-type\" content=\"text/html; charset=UTF-8\"\u003e\n\n\u003c/head\u003e\n\n\u003cbody style=\"margin:0px 0px 0px 0px;overflow:auto;background:#FFFFFF;\"\u003e\n\n\u003ctable style=\"font-family:Arial,Verdana,Times;font-size:12px;text-align:left;width:100%;border-collapse:collapse;padding:3px 3px 3px 3px\"\u003e\n\n\u003ctr style=\"text-align:center;font-weight:bold;background:#9CBCE2\"\u003e\n\n\u003ctd\u003e\u003c/td\u003e\n\n\u003c/tr\u003e\n\n\u003ctr\u003e\n\n\u003ctd\u003e\n\n\u003ctable style=\"font-family:Arial,Verdana,Times;font-size:12px;text-align:left;width:100%;border-spacing:0px; padding:3px 3px 3px 3px\"\u003e\n\n\u003ctr\u003e\n\n\u003ctd\u003eEntity\u003c/td\u003e\n\n\u003ctd\u003eLWPolyline\u003c/td\u003e\n\n\u003c/tr\u003e\n\n\u003ctr bgcolor=\"#D4E4F3\"\u003e\n\n\u003ctd\u003eLayer\u003c/td\u003e\n\n\u003ctd\u003e36_old_buffer\u003c/td\u003e\n\n\u003c/tr\u003e\n\n\u003ctr\u003e\n\n\u003ctd\u003eColor\u003c/td\u003e\n\n\u003ctd\u003e30\u003c/td\u003e\n\n\u003c/tr\u003e\n\n\u003ctr bgcolor=\"#D4E4F3\"\u003e\n\n\u003ctd\u003eLinetype\u003c/td\u003e\n\n\u003ctd\u003eContinuous\u003c/td\u003e\n\n\u003c/tr\u003e\n\n\u003ctr\u003e\n\n\u003ctd\u003eElevation\u003c/td\u003e\n\n\u003ctd\u003e0\u003c/td\u003e\n\n\u003c/tr\u003e\n\n\u003ctr bgcolor=\"#D4E4F3\"\u003e\n\n\u003ctd\u003eLineWt\u003c/td\u003e\n\n\u003ctd\u003e25\u003c/td\u003e\n\n\u003c/tr\u003e\n\n\u003ctr\u003e\n\n\u003ctd\u003eRefName\u003c/td\u003e\n\n\u003ctd\u003e\u003c/td\u003e\n\n\u003c/tr\u003e\n\n\u003c/table\u003e\n\n\u003c/td\u003e\n\n\u003c/tr\u003e\n\n\u003c/table\u003e\n\n\u003c/body\u003e\n\n\u003c/html\u003e","Shape_Length":0.049864617842395237}},{"type":"Feature","id":16,"geometry":{"type":"LineString","coordinates":[[59.706391289000067,36.319448992000048],[59.708285975000081,36.319685932000027],[59.70829142000008,36.319686618000048],[59.708410968000067,36.319704491000039],[59.708427397000037,36.319707377000043],[59.710799129000065,36.320131591000063],[59.710844540000039,36.320139135000034],[59.711897752000027,36.319703918000073],[59.716612542000064,36.317533423000043],[59.716626794000035,36.317526917000066],[59.71785897500007,36.316969283000049],[59.717869309000037,36.316964606000056],[59.717942045000029,36.316931691000036],[59.717956599000047,36.316925147000063],[59.718300340000042,36.316771946000074],[59.718330016000039,36.316758956000058],[59.718347080000058,36.316751698000076],[59.718422254000075,36.316720058000044]]},"properties":{"OBJECTID":16,"Name":"Placemark","FolderPath":"Temporary Places/حریم 200 متری گاز/Harim200_Gaz_Project","SymbolID":0,"AltMode":0,"Base":0,"Clamped":-1,"Extruded":0,"Snippet":"","PopupInfo":"\u003chtml xmlns:fo=\"http://www.w3.org/1999/XSL/Format\" xmlns:msxsl=\"urn:schemas-microsoft-com:xslt\"\u003e\n\n\u003chead\u003e\n\n\u003cMETA http-equiv=\"Content-Type\" content=\"text/html\"\u003e\n\n\u003cmeta http-equiv=\"content-type\" content=\"text/html; charset=UTF-8\"\u003e\n\n\u003c/head\u003e\n\n\u003cbody style=\"margin:0px 0px 0px 0px;overflow:auto;background:#FFFFFF;\"\u003e\n\n\u003ctable style=\"font-family:Arial,Verdana,Times;font-size:12px;text-align:left;width:100%;border-collapse:collapse;padding:3px 3px 3px 3px\"\u003e\n\n\u003ctr style=\"text-align:center;font-weight:bold;background:#9CBCE2\"\u003e\n\n\u003ctd\u003e\u003c/td\u003e\n\n\u003c/tr\u003e\n\n\u003ctr\u003e\n\n\u003ctd\u003e\n\n\u003ctable style=\"font-family:Arial,Verdana,Times;font-size:12px;text-align:left;width:100%;border-spacing:0px; padding:3px 3px 3px 3px\"\u003e\n\n\u003ctr\u003e\n\n\u003ctd\u003eEntity\u003c/td\u003e\n\n\u003ctd\u003eLWPolyline\u003c/td\u003e\n\n\u003c/tr\u003e\n\n\u003ctr bgcolor=\"#D4E4F3\"\u003e\n\n\u003ctd\u003eLayer\u003c/td\u003e\n\n\u003ctd\u003e36_old_buffer\u003c/td\u003e\n\n\u003c/tr\u003e\n\n\u003ctr\u003e\n\n\u003ctd\u003eColor\u003c/td\u003e\n\n\u003ctd\u003e30\u003c/td\u003e\n\n\u003c/tr\u003e\n\n\u003ctr bgcolor=\"#D4E4F3\"\u003e\n\n\u003ctd\u003eLinetype\u003c/td\u003e\n\n\u003ctd\u003eContinuous\u003c/td\u003e\n\n\u003c/tr\u003e\n\n\u003ctr\u003e\n\n\u003ctd\u003eElevation\u003c/td\u003e\n\n\u003ctd\u003e0\u003c/td\u003e\n\n\u003c/tr\u003e\n\n\u003ctr bgcolor=\"#D4E4F3\"\u003e\n\n\u003ctd\u003eLineWt\u003c/td\u003e\n\n\u003ctd\u003e25\u003c/td\u003e\n\n\u003c/tr\u003e\n\n\u003ctr\u003e\n\n\u003ctd\u003eRefName\u003c/td\u003e\n\n\u003ctd\u003e\u003c/td\u003e\n\n\u003c/tr\u003e\n\n\u003c/table\u003e\n\n\u003c/td\u003e\n\n\u003c/tr\u003e\n\n\u003c/table\u003e\n\n\u003c/body\u003e\n\n\u003c/html\u003e","Shape_Length":0.01282201702875652}},{"type":"Feature","id":17,"geometry":{"type":"LineString","coordinates":[[59.438628780000045,36.465580392000049],[59.440114464000033,36.465047450000043],[59.440177906000031,36.465024692000043],[59.441625467000051,36.464505440000039],[59.441633508000052,36.464502529000072],[59.441641661000062,36.46449958900007],[59.442614076000041,36.464150737000068],[59.445746575000044,36.463024911000048],[59.445761946000061,36.463019343000042],[59.44576851100004,36.463016967000044],[59.445805626000038,36.463003616000037],[59.445836030000066,36.46299192500004],[59.445847145000073,36.462987923000071],[59.451341271000047,36.461024106000025],[59.45135347400003,36.461019709000027],[59.451358596000034,36.461017862000062],[59.451364547000082,36.461015717000066],[59.460659242000077,36.457666090000032],[59.46078502000006,36.457624421000048],[59.460858037000037,36.45760346600008],[59.460880379000059,36.457597404000069],[59.460905210000078,36.457590667000034],[59.46107276500004,36.457536722000043],[59.466965681000033,36.45541847700008],[59.470065559000034,36.454309992000049],[59.473640483000054,36.452846648000047],[59.475964480000073,36.45189527000008],[59.47746834700007,36.451270891000036],[59.477546934000031,36.451238082000032],[59.477551492000032,36.451236179000034],[59.477616668000053,36.45120896800006],[59.477628907000053,36.451203862000057],[59.477643400000034,36.451197838000041],[59.477722099000061,36.451164950000077],[59.477989914000034,36.451053137000031],[59.478000687000076,36.451048653000043],[59.478010624000035,36.451044514000046],[59.47802469800007,36.451038634000042],[59.478036792000069,36.451033599000027],[59.478133372000059,36.450993866000033],[59.478148720000036,36.450987424000061],[59.478154975000052,36.450984797000046],[59.478268813000057,36.45093700700005],[59.478276849000054,36.450933624000072],[59.478386097000055,36.450887765000061],[59.478395316000046,36.45088389700004],[59.478408218000027,36.450878505000048],[59.481363289000058,36.449657086000059],[59.481372084000043,36.449653449000039],[59.482661275000055,36.449118469000041],[59.482668963000037,36.44911529400008],[59.485484188000044,36.447961478000025],[59.486021239000081,36.447720810000078],[59.486092847000066,36.447680477000063],[59.486885252000036,36.447223858000029],[59.486897463000048,36.44721687200007],[59.486912345000064,36.447208490000037],[59.487219011000036,36.447037263000027],[59.488324004000049,36.446233839000058],[59.48850509600004,36.446101691000024],[59.488555461000033,36.446065024000063]]},"properties":{"OBJECTID":17,"Name":"Placemark","FolderPath":"Temporary Places/حریم 200 متری گاز/Harim200_Gaz_Project","SymbolID":0,"AltMode":0,"Base":0,"Clamped":-1,"Extruded":0,"Snippet":"","PopupInfo":"\u003chtml xmlns:fo=\"http://www.w3.org/1999/XSL/Format\" xmlns:msxsl=\"urn:schemas-microsoft-com:xslt\"\u003e\n\n\u003chead\u003e\n\n\u003cMETA http-equiv=\"Content-Type\" content=\"text/html\"\u003e\n\n\u003cmeta http-equiv=\"content-type\" content=\"text/html; charset=UTF-8\"\u003e\n\n\u003c/head\u003e\n\n\u003cbody style=\"margin:0px 0px 0px 0px;overflow:auto;background:#FFFFFF;\"\u003e\n\n\u003ctable style=\"font-family:Arial,Verdana,Times;font-size:12px;text-align:left;width:100%;border-collapse:collapse;padding:3px 3px 3px 3px\"\u003e\n\n\u003ctr style=\"text-align:center;font-weight:bold;background:#9CBCE2\"\u003e\n\n\u003ctd\u003e\u003c/td\u003e\n\n\u003c/tr\u003e\n\n\u003ctr\u003e\n\n\u003ctd\u003e\n\n\u003ctable style=\"font-family:Arial,Verdana,Times;font-size:12px;text-align:left;width:100%;border-spacing:0px; padding:3px 3px 3px 3px\"\u003e\n\n\u003ctr\u003e\n\n\u003ctd\u003eEntity\u003c/td\u003e\n\n\u003ctd\u003eLWPolyline\u003c/td\u003e\n\n\u003c/tr\u003e\n\n\u003ctr bgcolor=\"#D4E4F3\"\u003e\n\n\u003ctd\u003eLayer\u003c/td\u003e\n\n\u003ctd\u003e36_old_buffer\u003c/td\u003e\n\n\u003c/tr\u003e\n\n\u003ctr\u003e\n\n\u003ctd\u003eColor\u003c/td\u003e\n\n\u003ctd\u003e30\u003c/td\u003e\n\n\u003c/tr\u003e\n\n\u003ctr bgcolor=\"#D4E4F3\"\u003e\n\n\u003ctd\u003eLinetype\u003c/td\u003e\n\n\u003ctd\u003eContinuous\u003c/td\u003e\n\n\u003c/tr\u003e\n\n\u003ctr\u003e\n\n\u003ctd\u003eElevation\u003c/td\u003e\n\n\u003ctd\u003e0\u003c/td\u003e\n\n\u003c/tr\u003e\n\n\u003ctr bgcolor=\"#D4E4F3\"\u003e\n\n\u003ctd\u003eLineWt\u003c/td\u003e\n\n\u003ctd\u003e25\u003c/td\u003e\n\n\u003c/tr\u003e\n\n\u003ctr\u003e\n\n\u003ctd\u003eRefName\u003c/td\u003e\n\n\u003ctd\u003e\u003c/td\u003e\n\n\u003c/tr\u003e\n\n\u003c/table\u003e\n\n\u003c/td\u003e\n\n\u003c/tr\u003e\n\n\u003c/table\u003e\n\n\u003c/body\u003e\n\n\u003c/html\u003e","Shape_Length":0.053691295956404039}},{"type":"Feature","id":18,"geometry":{"type":"LineString","coordinates":[[59.438311705000046,36.469733676000033],[59.438207874000057,36.469782594000037],[59.438100929000029,36.469826921000049],[59.437998728000082,36.469866513000056],[59.437894999000036,36.469904102000044],[59.43376534600003,36.471299525000063],[59.430508073000055,36.472400032000053],[59.430495648000033,36.472404195000024],[59.430464588000063,36.472414292000053],[59.429476345000069,36.47272859900005],[59.424193627000079,36.474433178000027],[59.423388137000074,36.474693241000068],[59.422911605000081,36.474847093000051],[59.419277971000042,36.476020151000057],[59.415297551000037,36.477323800000079],[59.415273350000064,36.477331665000065],[59.414907547000041,36.477452188000029],[59.414718674000028,36.477520410000068],[59.414655976000063,36.477542134000032],[59.414572702000044,36.477568217000055],[59.414278173000071,36.477655033000076],[59.41311865800003,36.478048333000061],[59.413105857000062,36.478052632000072],[59.409924164000074,36.479111774000046],[59.407532426000046,36.479902869000057],[59.406489579000038,36.48025823100005],[59.406468472000029,36.480265319000068],[59.40354334400007,36.481231230000049],[59.40353753200003,36.481233145000033],[59.40346726100006,36.481256352000059],[59.403457521000064,36.481259551000051],[59.403395180000075,36.481280132000052],[59.403376928000057,36.481285854000078],[59.403311698000039,36.481306171000028],[59.40279801500003,36.481472302000043],[59.400541752000038,36.482207914000071],[59.40051825300003,36.482215451000059],[59.400494332000051,36.482222869000054],[59.400454048000029,36.482235148000029],[59.399581037000075,36.482501250000041],[59.396488607000038,36.483485357000063],[59.395362115000069,36.483849451000026],[59.395341510000037,36.483856015000072],[59.39232166000005,36.484804018000034],[59.39038482400008,36.485418369000058],[59.389806755000052,36.485605107000026],[59.389675530000034,36.485648151000078],[59.389648366000074,36.48565689600008],[59.387451747000057,36.486349897000025],[59.38741929400004,36.486360689000037],[59.385586237000041,36.486943036000071],[59.385528072000056,36.486961464000046],[59.381895323000037,36.488106591000076],[59.380229979000035,36.488635388000034],[59.377085886000032,36.489640844000064],[59.377074332000063,36.489644531000067],[59.377056538000033,36.489650174000076],[59.376672949000067,36.489769782000053],[59.376364441000078,36.489877394000075],[59.376256419000072,36.489912404000052],[59.376146283000082,36.489942818000031],[59.376034333000064,36.48996855300004],[59.375996151000038,36.489976468000066],[59.375948106000067,36.489985970000077],[59.375909849000038,36.489993174000062],[59.375844618000031,36.490004629000055],[59.375811899000041,36.490009758000042],[59.375773489000039,36.490015539000069],[59.375666574000036,36.490029470000025],[59.375640543000031,36.490032215000042],[59.375608923000073,36.490035396000053],[59.37549410400004,36.490044523000051],[59.375432250000074,36.490047442000048],[59.37538633500003,36.490049093000039],[59.37530668900007,36.490050807000046],[59.375232836000066,36.490050345000043],[59.375193730000035,36.490049577000036],[59.375126004000037,36.490047417000028],[59.375102654000045,36.490046285000062],[59.375063412000031,36.490044218000037],[59.37501850600006,36.490041485000063],[59.374979192000069,36.490038770000069],[59.374906361000058,36.49003276600007],[59.374849771000072,36.490026748000048],[59.374726930000065,36.490012394000075],[59.374616898000056,36.489997260000052],[59.374507942000037,36.489977701000043],[59.37440033200005,36.489953768000078],[59.374294340000063,36.489925521000032],[59.374060538000037,36.489857932000064],[59.373611154000059,36.489734162000047],[59.373602042000073,36.489731999000071],[59.373565580000047,36.489723209000033],[59.373518984000043,36.489712289000067],[59.373462618000076,36.48969885300005],[59.373369297000067,36.489675777000059],[59.373191169000052,36.489627956000049],[59.373148206000053,36.489616828000067],[59.373127511000064,36.489611445000037],[59.37202848700008,36.489319023000064],[59.37191518800006,36.489375890000076],[59.36872234100008,36.49108876400004],[59.365540010000075,36.492785777000051],[59.365420645000029,36.492845164000073],[59.365296897000064,36.492898383000067],[59.365169255000069,36.492945223000049],[59.365038222000067,36.492985500000032],[59.364904315000047,36.493019052000079],[59.364768064000032,36.493045750000078],[59.364630004000048,36.49306548800007],[59.364490683000042,36.493078186000048],[59.364350648000027,36.493083795000075],[59.364210454000045,36.493082295000079],[59.364070654000045,36.493073689000028],[59.363931798000067,36.493058012000063],[59.363794435000045,36.49303532600004],[59.363659107000046,36.493005720000042],[59.363526350000029,36.492969312000071],[59.363396685000055,36.492926245000035],[59.36327062600003,36.49287668900007],[59.363148669000054,36.492820839000046],[59.363031296000031,36.49275891700006],[59.362918971000056,36.492691166000043],[59.362812136000059,36.492617854000059],[59.362711214000058,36.492539269000076],[59.36261660200006,36.492455723000035],[59.362528674000032,36.492367545000036],[59.362447776000067,36.492275083000038],[59.362374229000068,36.492178702000047],[59.362308322000047,36.492078782000078],[59.362250316000029,36.491975718000049],[59.362200439000048,36.491869917000031],[59.362158887000078,36.491761795000059],[59.362125827000057,36.491651780000041],[59.362101387000052,36.491540306000047],[59.362085663000073,36.49142781200004],[59.362078720000056,36.491314745000068],[59.362080582000033,36.49120154700006],[59.362091244000055,36.491088668000032],[59.362110661000031,36.490976551000074],[59.36213876000005,36.490865641000028],[59.362175427000068,36.490756374000057],[59.362220519000061,36.490649181000038],[59.362273858000037,36.490544487000079],[59.362335232000078,36.490442703000042],[59.362404401000049,36.490344231000051],[59.362481091000063,36.490249462000065],[59.36256499700005,36.490158767000025],[59.362655791000066,36.490072505000057],[59.362753114000043,36.489991016000033],[59.362856582000063,36.489914623000061],[59.362965785000029,36.489843626000038],[59.363080294000042,36.489778306000062],[59.366257587000064,36.488084020000031],[59.369473406000054,36.48635885200008],[59.369531894000033,36.486328524000044],[59.370282874000054,36.48595159000007],[59.370300671000052,36.485942400000056],[59.370340567000028,36.485922275000064],[59.370371333000037,36.485907128000065],[59.37045450200003,36.485868143000062],[59.370485152000072,36.485854480000057],[59.370523766000076,36.485837665000076],[59.37061559600005,36.485800762000054],[59.370647081000072,36.485788832000026],[59.370682575000046,36.485775685000078],[59.37079424600006,36.485738178000076],[59.370815984000046,36.485731428000065],[59.37091719600005,36.485702242000059],[59.371020029000078,36.48567702400004],[59.37106463300006,36.485667027000034],[59.371150817000057,36.485649196000054],[59.371272876000035,36.485628912000038],[59.37130744500007,36.485623975000067],[59.371324195000057,36.485621637000065],[59.371449497000071,36.485607475000052],[59.37148452200006,36.485604330000058],[59.371499527000083,36.485603024000056],[59.371584450000057,36.485597191000068],[59.371612177000031,36.485595717000024],[59.371668493000072,36.485593298000026],[59.37169182000008,36.485592634000056],[59.371734196000034,36.485591606000071],[59.37178033400005,36.485590872000046],[59.371815235000042,36.485590609000042],[59.371932961000027,36.485592229000076],[59.372050417000082,36.485598859000049],[59.372167276000027,36.485610483000073],[59.37228321300006,36.485627068000042],[59.37239790600006,36.485648567000055],[59.372792141000048,36.485731375000057],[59.372840280000048,36.48574195100008],[59.372928775000048,36.48576386700006],[59.374507407000067,36.486184020000053],[59.374524332000078,36.486188411000057],[59.374731688000054,36.486243582000043],[59.374777486000028,36.486254451000036],[59.374860540000043,36.48627416100004],[59.374896998000054,36.486282995000067],[59.374915575000045,36.486287221000055],[59.375006763000044,36.486310587000048],[59.375203083000031,36.48636465900006],[59.375439808000067,36.486290845000042],[59.37858951000004,36.485283590000051],[59.378594049000071,36.485282145000042],[59.380265527000063,36.484751407000033],[59.380269912000074,36.484750020000035],[59.383901908000041,36.48360514500007],[59.383954725000081,36.483588410000038],[59.385782501000051,36.48300787800008],[59.385788587000036,36.483005882000043],[59.388009440000076,36.482304623000061],[59.388131239000074,36.482264670000063],[59.388143635000063,36.482260631000031],[59.388710813000046,36.48207749200003],[59.388733511000055,36.482070114000066],[59.38874657100007,36.482065900000066],[59.390693701000032,36.481448293000028],[59.390701113000034,36.481445971000028],[59.390720986000076,36.481439760000058],[59.393714157000034,36.48050009800005],[59.394835729000079,36.480137598000056],[59.394846825000059,36.480134039000063],[59.397959741000079,36.479143424000029],[59.397989903000052,36.479134028000033],[59.398878072000059,36.47886330800003],[59.398894606000056,36.478858269000057],[59.401132260000054,36.478128732000073],[59.401142087000039,36.478125555000076],[59.401146632000064,36.47812409200003],[59.401716601000032,36.477940743000033],[59.401778888000081,36.477920194000035],[59.401788594000038,36.477917001000037],[59.401855923000028,36.477894760000027],[59.404766142000028,36.476933784000039],[59.405808382000032,36.476578635000067],[59.405830173000027,36.476571318000026],[59.408228137000037,36.475778176000063],[59.411398362000057,36.474722863000068],[59.41259916100006,36.474315563000062],[59.412680822000027,36.474289379000027],[59.412698188000036,36.474284194000063],[59.412968658000068,36.474204471000064],[59.413120755000079,36.474149534000048],[59.41318854900004,36.474126156000068],[59.413617874000067,36.473984840000071],[59.413641785000038,36.473977060000038],[59.417605934000051,36.472678693000034],[59.417616354000074,36.472675305000053],[59.421255217000066,36.471500572000025],[59.421731733000058,36.471346727000025],[59.422537697000053,36.471086514000035],[59.42782597300004,36.469380164000029],[59.427836368000044,36.469376860000068],[59.427858859000082,36.469369756000049],[59.428807754000047,36.469067891000066],[59.432043287000056,36.467974742000024],[59.434578081000041,36.467118260000063]]},"properties":{"OBJECTID":18,"Name":"Placemark","FolderPath":"Temporary Places/حریم 200 متری گاز/Harim200_Gaz_Project","SymbolID":0,"AltMode":0,"Base":0,"Clamped":-1,"Extruded":0,"Snippet":"","PopupInfo":"\u003chtml xmlns:fo=\"http://www.w3.org/1999/XSL/Format\" xmlns:msxsl=\"urn:schemas-microsoft-com:xslt\"\u003e\n\n\u003chead\u003e\n\n\u003cMETA http-equiv=\"Content-Type\" content=\"text/html\"\u003e\n\n\u003cmeta http-equiv=\"content-type\" content=\"text/html; charset=UTF-8\"\u003e\n\n\u003c/head\u003e\n\n\u003cbody style=\"margin:0px 0px 0px 0px;overflow:auto;background:#FFFFFF;\"\u003e\n\n\u003ctable style=\"font-family:Arial,Verdana,Times;font-size:12px;text-align:left;width:100%;border-collapse:collapse;padding:3px 3px 3px 3px\"\u003e\n\n\u003ctr style=\"text-align:center;font-weight:bold;background:#9CBCE2\"\u003e\n\n\u003ctd\u003e\u003c/td\u003e\n\n\u003c/tr\u003e\n\n\u003ctr\u003e\n\n\u003ctd\u003e\n\n\u003ctable style=\"font-family:Arial,Verdana,Times;font-size:12px;text-align:left;width:100%;border-spacing:0px; padding:3px 3px 3px 3px\"\u003e\n\n\u003ctr\u003e\n\n\u003ctd\u003eEntity\u003c/td\u003e\n\n\u003ctd\u003eLWPolyline\u003c/td\u003e\n\n\u003c/tr\u003e\n\n\u003ctr bgcolor=\"#D4E4F3\"\u003e\n\n\u003ctd\u003eLayer\u003c/td\u003e\n\n\u003ctd\u003e36_old_buffer\u003c/td\u003e\n\n\u003c/tr\u003e\n\n\u003ctr\u003e\n\n\u003ctd\u003eColor\u003c/td\u003e\n\n\u003ctd\u003e30\u003c/td\u003e\n\n\u003c/tr\u003e\n\n\u003ctr bgcolor=\"#D4E4F3\"\u003e\n\n\u003ctd\u003eLinetype\u003c/td\u003e\n\n\u003ctd\u003eContinuous\u003c/td\u003e\n\n\u003c/tr\u003e\n\n\u003ctr\u003e\n\n\u003ctd\u003eElevation\u003c/td\u003e\n\n\u003ctd\u003e0\u003c/td\u003e\n\n\u003c/tr\u003e\n\n\u003ctr bgcolor=\"#D4E4F3\"\u003e\n\n\u003ctd\u003eLineWt\u003c/td\u003e\n\n\u003ctd\u003e25\u003c/td\u003e\n\n\u003c/tr\u003e\n\n\u003ctr\u003e\n\n\u003ctd\u003eRefName\u003c/td\u003e\n\n\u003ctd\u003e\u003c/td\u003e\n\n\u003c/tr\u003e\n\n\u003c/table\u003e\n\n\u003c/td\u003e\n\n\u003c/tr\u003e\n\n\u003c/table\u003e\n\n\u003c/body\u003e\n\n\u003c/html\u003e","Shape_Length":0.1589461269528753}},{"type":"Feature","id":19,"geometry":{"type":"LineString","coordinates":[[59.49245742200003,36.448075505000077],[59.492415890000075,36.448172165000074],[59.492359111000042,36.448280792000048],[59.49229366000003,36.44838618700004],[59.492219816000045,36.448487898000053],[59.492137896000031,36.448585489000038],[59.492048251000028,36.448678543000028],[59.491951265000068,36.448766660000047],[59.491847352000036,36.448849464000034],[59.491786253000043,36.448893413000064],[59.491732410000054,36.448930735000033],[59.490771222000035,36.449603513000056],[59.49071378800005,36.44964236800007],[59.490597383000079,36.449713505000034],[59.490475469000046,36.449778339000034],[59.490413270000033,36.449808001000065],[59.48983546200003,36.450073446000033],[59.489770759000066,36.450102038000068],[59.489639412000031,36.450153459000035],[59.489625121000074,36.450158546000068],[59.489159769000082,36.450471360000051],[59.489092222000068,36.450523936000025],[59.488981823000074,36.450601070000062],[59.488974528000028,36.450605818000042],[59.488703712000074,36.450781341000038],[59.488594599000066,36.450847727000053],[59.488472682000065,36.450912559000074],[59.48837119600006,36.450959845000057],[59.487669930000038,36.451267053000038],[59.487644510000052,36.451278018000039],[59.48760726900008,36.451293473000078],[59.485644830000069,36.452089194000052],[59.480315649000033,36.454277698000055],[59.48027230200006,36.454295022000053],[59.480251186000032,36.454303233000076],[59.480237303000081,36.454308584000046],[59.480177724000043,36.454331342000046],[59.480112063000036,36.454357981000044],[59.480076479000047,36.454371828000035],[59.480071910000049,36.454373601000043],[59.479885529000057,36.454445712000052],[59.479877940000051,36.454449349000072],[59.47982563100004,36.454473646000054],[59.479786666000052,36.454491844000074],[59.479707932000053,36.454526925000039],[59.479679290000036,36.454538871000068],[59.47805141200007,36.45520590700005],[59.478048833000059,36.45520696300008],[59.474741795000057,36.45655759400006],[59.47245683400007,36.457500749000076],[59.472349055000052,36.457542333000049],[59.468835908000074,36.458805594000069],[59.46883495000003,36.458805939000058],[59.468833896000035,36.45880631700004],[59.464453706000029,36.460376967000059],[59.462843641000063,36.460960414000056],[59.46283664200007,36.460962939000069],[59.462800628000082,36.460975563000034],[59.462370141000065,36.461122850000038],[59.462325227000065,36.46113775300006],[59.454284050000069,36.464021655000067],[59.44779873400006,36.466352322000034],[59.447744095000076,36.466372647000071],[59.447706640000035,36.466385759000048],[59.447658685000079,36.466402126000048],[59.444089098000063,36.467692965000026],[59.442030239000076,36.468441467000048],[59.442020274000072,36.468445067000061],[59.442010512000081,36.468448546000047],[59.440370679000068,36.469029330000069],[59.440357512000048,36.469033952000075],[59.438893355000062,36.469543441000042],[59.438597857000047,36.469649344000061],[59.438597065000067,36.469649627000024],[59.43846256300003,36.469693660000075],[59.438323969000066,36.469730735000041],[59.438312841000027,36.469733071000064]]},"properties":{"OBJECTID":19,"Name":"Placemark","FolderPath":"Temporary Places/حریم 200 متری گاز/Harim200_Gaz_Project","SymbolID":0,"AltMode":0,"Base":0,"Clamped":-1,"Extruded":0,"Snippet":"","PopupInfo":"\u003chtml xmlns:fo=\"http://www.w3.org/1999/XSL/Format\" xmlns:msxsl=\"urn:schemas-microsoft-com:xslt\"\u003e\n\n\u003chead\u003e\n\n\u003cMETA http-equiv=\"Content-Type\" content=\"text/html\"\u003e\n\n\u003cmeta http-equiv=\"content-type\" content=\"text/html; charset=UTF-8\"\u003e\n\n\u003c/head\u003e\n\n\u003cbody style=\"margin:0px 0px 0px 0px;overflow:auto;background:#FFFFFF;\"\u003e\n\n\u003ctable style=\"font-family:Arial,Verdana,Times;font-size:12px;text-align:left;width:100%;border-collapse:collapse;padding:3px 3px 3px 3px\"\u003e\n\n\u003ctr style=\"text-align:center;font-weight:bold;background:#9CBCE2\"\u003e\n\n\u003ctd\u003e\u003c/td\u003e\n\n\u003c/tr\u003e\n\n\u003ctr\u003e\n\n\u003ctd\u003e\n\n\u003ctable style=\"font-family:Arial,Verdana,Times;font-size:12px;text-align:left;width:100%;border-spacing:0px; padding:3px 3px 3px 3px\"\u003e\n\n\u003ctr\u003e\n\n\u003ctd\u003eEntity\u003c/td\u003e\n\n\u003ctd\u003eLWPolyline\u003c/td\u003e\n\n\u003c/tr\u003e\n\n\u003ctr bgcolor=\"#D4E4F3\"\u003e\n\n\u003ctd\u003eLayer\u003c/td\u003e\n\n\u003ctd\u003enirogahbuffer\u003c/td\u003e\n\n\u003c/tr\u003e\n\n\u003ctr\u003e\n\n\u003ctd\u003eColor\u003c/td\u003e\n\n\u003ctd\u003e30\u003c/td\u003e\n\n\u003c/tr\u003e\n\n\u003ctr bgcolor=\"#D4E4F3\"\u003e\n\n\u003ctd\u003eLinetype\u003c/td\u003e\n\n\u003ctd\u003eContinuous\u003c/td\u003e\n\n\u003c/tr\u003e\n\n\u003ctr\u003e\n\n\u003ctd\u003eElevation\u003c/td\u003e\n\n\u003ctd\u003e0\u003c/td\u003e\n\n\u003c/tr\u003e\n\n\u003ctr bgcolor=\"#D4E4F3\"\u003e\n\n\u003ctd\u003eLineWt\u003c/td\u003e\n\n\u003ctd\u003e25\u003c/td\u003e\n\n\u003c/tr\u003e\n\n\u003ctr\u003e\n\n\u003ctd\u003eRefName\u003c/td\u003e\n\n\u003ctd\u003e\u003c/td\u003e\n\n\u003c/tr\u003e\n\n\u003c/table\u003e\n\n\u003c/td\u003e\n\n\u003c/tr\u003e\n\n\u003c/table\u003e\n\n\u003c/body\u003e\n\n\u003c/html\u003e","Shape_Length":0.058554361509706492}},{"type":"Feature","id":20,"geometry":{"type":"LineString","coordinates":[[59.438628780000045,36.465580392000049],[59.434578081000041,36.467118260000063]]},"properties":{"OBJECTID":20,"Name":"Placemark","FolderPath":"Temporary Places/حریم 200 متری گاز/Harim200_Gaz_Project","SymbolID":0,"AltMode":0,"Base":0,"Clamped":-1,"Extruded":0,"Snippet":"","PopupInfo":"\u003chtml xmlns:fo=\"http://www.w3.org/1999/XSL/Format\" xmlns:msxsl=\"urn:schemas-microsoft-com:xslt\"\u003e\n\n\u003chead\u003e\n\n\u003cMETA http-equiv=\"Content-Type\" content=\"text/html\"\u003e\n\n\u003cmeta http-equiv=\"content-type\" content=\"text/html; charset=UTF-8\"\u003e\n\n\u003c/head\u003e\n\n\u003cbody style=\"margin:0px 0px 0px 0px;overflow:auto;background:#FFFFFF;\"\u003e\n\n\u003ctable style=\"font-family:Arial,Verdana,Times;font-size:12px;text-align:left;width:100%;border-collapse:collapse;padding:3px 3px 3px 3px\"\u003e\n\n\u003ctr style=\"text-align:center;font-weight:bold;background:#9CBCE2\"\u003e\n\n\u003ctd\u003e\u003c/td\u003e\n\n\u003c/tr\u003e\n\n\u003ctr\u003e\n\n\u003ctd\u003e\n\n\u003ctable style=\"font-family:Arial,Verdana,Times;font-size:12px;text-align:left;width:100%;border-spacing:0px; padding:3px 3px 3px 3px\"\u003e\n\n\u003ctr\u003e\n\n\u003ctd\u003eEntity\u003c/td\u003e\n\n\u003ctd\u003eLine\u003c/td\u003e\n\n\u003c/tr\u003e\n\n\u003ctr bgcolor=\"#D4E4F3\"\u003e\n\n\u003ctd\u003eLayer\u003c/td\u003e\n\n\u003ctd\u003e36_old_buffer\u003c/td\u003e\n\n\u003c/tr\u003e\n\n\u003ctr\u003e\n\n\u003ctd\u003eColor\u003c/td\u003e\n\n\u003ctd\u003e30\u003c/td\u003e\n\n\u003c/tr\u003e\n\n\u003ctr bgcolor=\"#D4E4F3\"\u003e\n\n\u003ctd\u003eLinetype\u003c/td\u003e\n\n\u003ctd\u003eContinuous\u003c/td\u003e\n\n\u003c/tr\u003e\n\n\u003ctr\u003e\n\n\u003ctd\u003eElevation\u003c/td\u003e\n\n\u003ctd\u003e0\u003c/td\u003e\n\n\u003c/tr\u003e\n\n\u003ctr bgcolor=\"#D4E4F3\"\u003e\n\n\u003ctd\u003eLineWt\u003c/td\u003e\n\n\u003ctd\u003e25\u003c/td\u003e\n\n\u003c/tr\u003e\n\n\u003ctr\u003e\n\n\u003ctd\u003eRefName\u003c/td\u003e\n\n\u003ctd\u003e\u003c/td\u003e\n\n\u003c/tr\u003e\n\n\u003c/table\u003e\n\n\u003c/td\u003e\n\n\u003c/tr\u003e\n\n\u003c/table\u003e\n\n\u003c/body\u003e\n\n\u003c/html\u003e","Shape_Length":0.0043328051391795042}},{"type":"Feature","id":21,"geometry":{"type":"LineString","coordinates":[[59.490446998000039,36.447356052000032],[59.490502640000045,36.447408059000054],[59.490523410000037,36.447430887000053],[59.490539493000028,36.44745606400005],[59.490550491000079,36.447482966000052],[59.490556133000041,36.447510928000042],[59.490556278000042,36.447539261000031],[59.490550923000058,36.447567260000028],[59.490540202000034,36.447594235000054],[59.490524379000078,36.447619519000057],[59.490503845000035,36.447642485000074],[59.490479107000056,36.447662567000066],[59.490421724000043,36.447702341000024],[59.489456755000049,36.44837775700006],[59.489426566000077,36.448395451000067],[59.488843166000038,36.448663640000063],[59.48881357700003,36.448674904000029],[59.488723974000038,36.448700623000036],[59.488626080000074,36.448732389000043],[59.488577994000082,36.448755300000073],[59.488500119000037,36.448805004000064],[59.48780246900003,36.449273965000032],[59.487728734000029,36.449333353000043],[59.487434673000052,36.449523427000031],[59.486709880000035,36.449842686000068],[59.484739540000078,36.450641655000027],[59.48258441400003,36.451526727000044],[59.47939184300003,36.45283747600007],[59.479282195000053,36.452879453000037],[59.479244161000054,36.452895503000036],[59.479204047000053,36.452911167000025],[59.478938022000079,36.453014095000071],[59.478847123000037,36.453057469000044],[59.478776392000043,36.453090195000073],[59.477143143000035,36.45375957300007],[59.474784815000078,36.454722747000062],[59.473831657000062,36.455112008000071],[59.471537970000043,36.456058616000064],[59.468019386000037,36.457323965000057],[59.463636492000035,36.458895571000028],[59.462019784000063,36.459481400000072],[59.461670558000037,36.459600905000059],[59.46157067300004,36.45963452500007],[59.453471446000037,36.462538557000073],[59.446955469000045,36.464880255000025],[59.446926785000073,36.464891171000033],[59.446857605000048,36.464914860000079],[59.443266718000075,36.466213393000032],[59.44129420400003,36.466930501000036],[59.441205108000077,36.466962885000044],[59.439563657000065,36.467544241000041],[59.438088867000033,36.468057429000055],[59.437780933000056,36.468167774000051],[59.437746200000049,36.46817855300003],[59.437709762000054,36.468184636000046],[59.43767258400004,36.468185861000052],[59.437635653000029,36.468182195000054],[59.437599949000059,36.46817373600004],[59.437566418000074,36.468160708000028],[59.437535951000029,36.468143456000064]]},"properties":{"OBJECTID":21,"Name":"Placemark","FolderPath":"Temporary Places/حریم 20 متری گاز/Harim20_Gaz_Project","SymbolID":1,"AltMode":0,"Base":0,"Clamped":-1,"Extruded":0,"Snippet":"","PopupInfo":"\u003chtml xmlns:fo=\"http://www.w3.org/1999/XSL/Format\" xmlns:msxsl=\"urn:schemas-microsoft-com:xslt\"\u003e\n\n\u003chead\u003e\n\n\u003cMETA http-equiv=\"Content-Type\" content=\"text/html\"\u003e\n\n\u003cmeta http-equiv=\"content-type\" content=\"text/html; charset=UTF-8\"\u003e\n\n\u003c/head\u003e\n\n\u003cbody style=\"margin:0px 0px 0px 0px;overflow:auto;background:#FFFFFF;\"\u003e\n\n\u003ctable style=\"font-family:Arial,Verdana,Times;font-size:12px;text-align:left;width:100%;border-collapse:collapse;padding:3px 3px 3px 3px\"\u003e\n\n\u003ctr style=\"text-align:center;font-weight:bold;background:#9CBCE2\"\u003e\n\n\u003ctd\u003e\u003c/td\u003e\n\n\u003c/tr\u003e\n\n\u003ctr\u003e\n\n\u003ctd\u003e\n\n\u003ctable style=\"font-family:Arial,Verdana,Times;font-size:12px;text-align:left;width:100%;border-spacing:0px; padding:3px 3px 3px 3px\"\u003e\n\n\u003ctr\u003e\n\n\u003ctd\u003eEntity\u003c/td\u003e\n\n\u003ctd\u003eLWPolyline\u003c/td\u003e\n\n\u003c/tr\u003e\n\n\u003ctr bgcolor=\"#D4E4F3\"\u003e\n\n\u003ctd\u003eLayer\u003c/td\u003e\n\n\u003ctd\u003eall_20\u003c/td\u003e\n\n\u003c/tr\u003e\n\n\u003ctr\u003e\n\n\u003ctd\u003eColor\u003c/td\u003e\n\n\u003ctd\u003e5\u003c/td\u003e\n\n\u003c/tr\u003e\n\n\u003ctr bgcolor=\"#D4E4F3\"\u003e\n\n\u003ctd\u003eLinetype\u003c/td\u003e\n\n\u003ctd\u003eContinuous\u003c/td\u003e\n\n\u003c/tr\u003e\n\n\u003ctr\u003e\n\n\u003ctd\u003eElevation\u003c/td\u003e\n\n\u003ctd\u003e0\u003c/td\u003e\n\n\u003c/tr\u003e\n\n\u003ctr bgcolor=\"#D4E4F3\"\u003e\n\n\u003ctd\u003eLineWt\u003c/td\u003e\n\n\u003ctd\u003e25\u003c/td\u003e\n\n\u003c/tr\u003e\n\n\u003ctr\u003e\n\n\u003ctd\u003eRefName\u003c/td\u003e\n\n\u003ctd\u003e\u003c/td\u003e\n\n\u003c/tr\u003e\n\n\u003c/table\u003e\n\n\u003c/td\u003e\n\n\u003c/tr\u003e\n\n\u003c/table\u003e\n\n\u003c/body\u003e\n\n\u003c/html\u003e","Shape_Length":0.057263431567526071}},{"type":"Feature","id":22,"geometry":{"type":"LineString","coordinates":[[59.719755981000048,36.317976281000028],[59.719785563000073,36.317945275000056],[59.72001584000003,36.317703116000075],[59.720037080000054,36.317683817000045],[59.720156907000046,36.317590160000066],[59.72034885000005,36.317467042000033],[59.724015761000032,36.315811332000067],[59.724135250000074,36.31576024900005],[59.724198527000055,36.315733438000052],[59.724233992000052,36.315721606000068],[59.724331182000071,36.31569737600006],[59.724482798000054,36.31565984100007],[59.724979440000027,36.315569628000048],[59.725890407000065,36.315421317000073],[59.728016564000029,36.315075127000057],[59.729323958000066,36.314863073000026],[59.729370298000049,36.31485559500004],[59.729459741000028,36.314841158000036],[59.729513284000063,36.314832514000045],[59.729608454000072,36.314817150000067],[59.729815547000044,36.314783720000037],[59.738703907000058,36.313327548000075],[59.73987414000004,36.313137895000068],[59.742037420000031,36.312787282000045],[59.742106566000075,36.312776070000041],[59.743513678000056,36.312547987000073],[59.743824274000076,36.312494529000048],[59.744441628000061,36.312388272000078],[59.744702791000066,36.312343349000059],[59.745711396000047,36.312191208000058],[59.746132699000043,36.312088826000036],[59.746248014000059,36.312060804000055],[59.746470349000049,36.312006774000054],[59.746648968000045,36.311963367000033],[59.746864698000081,36.311910946000069],[59.747001645000068,36.311876343000051],[59.747044197000037,36.311865590000025],[59.748749131000068,36.31138689800008],[59.749426038000081,36.311197410000034],[59.749547308000047,36.311173026000063],[59.749672218000057,36.311142437000058],[59.749807756000052,36.311113525000053],[59.750609378000036,36.310898286000054],[59.752894180000055,36.310273260000031],[59.756945407000046,36.309164888000055],[59.759941746000038,36.308343457000035],[59.764557115000059,36.307087228000057],[59.764594095000064,36.30707958000005],[59.76463214100005,36.307077095000068],[59.764670158000058,36.307079844000043],[59.764707056000077,36.307087748000072],[59.764741776000051,36.307100581000043],[59.764773319000028,36.307117973000061],[59.764800784000045,36.307139427000038],[59.764823379000063,36.307164325000031],[59.764840456000059,36.307191954000075],[59.76485152500004,36.307221519000052]]},"properties":{"OBJECTID":22,"Name":"Placemark","FolderPath":"Temporary Places/حریم 20 متری گاز/Harim20_Gaz_Project","SymbolID":1,"AltMode":0,"Base":0,"Clamped":-1,"Extruded":0,"Snippet":"","PopupInfo":"\u003chtml xmlns:fo=\"http://www.w3.org/1999/XSL/Format\" xmlns:msxsl=\"urn:schemas-microsoft-com:xslt\"\u003e\n\n\u003chead\u003e\n\n\u003cMETA http-equiv=\"Content-Type\" content=\"text/html\"\u003e\n\n\u003cmeta http-equiv=\"content-type\" content=\"text/html; charset=UTF-8\"\u003e\n\n\u003c/head\u003e\n\n\u003cbody style=\"margin:0px 0px 0px 0px;overflow:auto;background:#FFFFFF;\"\u003e\n\n\u003ctable style=\"font-family:Arial,Verdana,Times;font-size:12px;text-align:left;width:100%;border-collapse:collapse;padding:3px 3px 3px 3px\"\u003e\n\n\u003ctr style=\"text-align:center;font-weight:bold;background:#9CBCE2\"\u003e\n\n\u003ctd\u003e\u003c/td\u003e\n\n\u003c/tr\u003e\n\n\u003ctr\u003e\n\n\u003ctd\u003e\n\n\u003ctable style=\"font-family:Arial,Verdana,Times;font-size:12px;text-align:left;width:100%;border-spacing:0px; padding:3px 3px 3px 3px\"\u003e\n\n\u003ctr\u003e\n\n\u003ctd\u003eEntity\u003c/td\u003e\n\n\u003ctd\u003eLWPolyline\u003c/td\u003e\n\n\u003c/tr\u003e\n\n\u003ctr bgcolor=\"#D4E4F3\"\u003e\n\n\u003ctd\u003eLayer\u003c/td\u003e\n\n\u003ctd\u003eall_20\u003c/td\u003e\n\n\u003c/tr\u003e\n\n\u003ctr\u003e\n\n\u003ctd\u003eColor\u003c/td\u003e\n\n\u003ctd\u003e5\u003c/td\u003e\n\n\u003c/tr\u003e\n\n\u003ctr bgcolor=\"#D4E4F3\"\u003e\n\n\u003ctd\u003eLinetype\u003c/td\u003e\n\n\u003ctd\u003eContinuous\u003c/td\u003e\n\n\u003c/tr\u003e\n\n\u003ctr\u003e\n\n\u003ctd\u003eElevation\u003c/td\u003e\n\n\u003ctd\u003e0\u003c/td\u003e\n\n\u003c/tr\u003e\n\n\u003ctr bgcolor=\"#D4E4F3\"\u003e\n\n\u003ctd\u003eLineWt\u003c/td\u003e\n\n\u003ctd\u003e25\u003c/td\u003e\n\n\u003c/tr\u003e\n\n\u003ctr\u003e\n\n\u003ctd\u003eRefName\u003c/td\u003e\n\n\u003ctd\u003e\u003c/td\u003e\n\n\u003c/tr\u003e\n\n\u003c/table\u003e\n\n\u003c/td\u003e\n\n\u003c/tr\u003e\n\n\u003c/table\u003e\n\n\u003c/body\u003e\n\n\u003c/html\u003e","Shape_Length":0.046694987672315773}},{"type":"Feature","id":23,"geometry":{"type":"LineString","coordinates":[[59.720032069000069,36.318263300000069],[59.720022509000046,36.318286134000061],[59.719928500000037,36.31837998900005],[59.719901158000027,36.318402427000024],[59.719869843000083,36.318421155000067],[59.717904121000061,36.319372808000026],[59.713156458000071,36.321578969000029],[59.712461950000034,36.321909735000077],[59.711547524000082,36.322299745000066],[59.711510763000035,36.322311825000043],[59.711472106000031,36.322319050000033],[59.711088112000027,36.322358312000063],[59.711034591000043,36.322355991000052],[59.707877837000069,36.321745426000064],[59.705938960000083,36.321397912000066]]},"properties":{"OBJECTID":23,"Name":"Placemark","FolderPath":"Temporary Places/حریم 20 متری گاز/Harim20_Gaz_Project","SymbolID":1,"AltMode":0,"Base":0,"Clamped":-1,"Extruded":0,"Snippet":"","PopupInfo":"\u003chtml xmlns:fo=\"http://www.w3.org/1999/XSL/Format\" xmlns:msxsl=\"urn:schemas-microsoft-com:xslt\"\u003e\n\n\u003chead\u003e\n\n\u003cMETA http-equiv=\"Content-Type\" content=\"text/html\"\u003e\n\n\u003cmeta http-equiv=\"content-type\" content=\"text/html; charset=UTF-8\"\u003e\n\n\u003c/head\u003e\n\n\u003cbody style=\"margin:0px 0px 0px 0px;overflow:auto;background:#FFFFFF;\"\u003e\n\n\u003ctable style=\"font-family:Arial,Verdana,Times;font-size:12px;text-align:left;width:100%;border-collapse:collapse;padding:3px 3px 3px 3px\"\u003e\n\n\u003ctr style=\"text-align:center;font-weight:bold;background:#9CBCE2\"\u003e\n\n\u003ctd\u003e\u003c/td\u003e\n\n\u003c/tr\u003e\n\n\u003ctr\u003e\n\n\u003ctd\u003e\n\n\u003ctable style=\"font-family:Arial,Verdana,Times;font-size:12px;text-align:left;width:100%;border-spacing:0px; padding:3px 3px 3px 3px\"\u003e\n\n\u003ctr\u003e\n\n\u003ctd\u003eEntity\u003c/td\u003e\n\n\u003ctd\u003eLWPolyline\u003c/td\u003e\n\n\u003c/tr\u003e\n\n\u003ctr bgcolor=\"#D4E4F3\"\u003e\n\n\u003ctd\u003eLayer\u003c/td\u003e\n\n\u003ctd\u003eall_20\u003c/td\u003e\n\n\u003c/tr\u003e\n\n\u003ctr\u003e\n\n\u003ctd\u003eColor\u003c/td\u003e\n\n\u003ctd\u003e5\u003c/td\u003e\n\n\u003c/tr\u003e\n\n\u003ctr bgcolor=\"#D4E4F3\"\u003e\n\n\u003ctd\u003eLinetype\u003c/td\u003e\n\n\u003ctd\u003eContinuous\u003c/td\u003e\n\n\u003c/tr\u003e\n\n\u003ctr\u003e\n\n\u003ctd\u003eElevation\u003c/td\u003e\n\n\u003ctd\u003e0\u003c/td\u003e\n\n\u003c/tr\u003e\n\n\u003ctr bgcolor=\"#D4E4F3\"\u003e\n\n\u003ctd\u003eLineWt\u003c/td\u003e\n\n\u003ctd\u003e25\u003c/td\u003e\n\n\u003c/tr\u003e\n\n\u003ctr\u003e\n\n\u003ctd\u003eRefName\u003c/td\u003e\n\n\u003ctd\u003e\u003c/td\u003e\n\n\u003c/tr\u003e\n\n\u003c/table\u003e\n\n\u003c/td\u003e\n\n\u003c/tr\u003e\n\n\u003c/table\u003e\n\n\u003c/body\u003e\n\n\u003c/html\u003e","Shape_Length":0.015114627087064915}},{"type":"Feature","id":24,"geometry":{"type":"LineString","coordinates":[[59.530765925000082,36.420119217000035],[59.532239231000062,36.419285062000029],[59.532560056000079,36.419103291000056],[59.532609003000061,36.419075559000078],[59.535898349000036,36.417211795000071],[59.538263119000078,36.415873118000036],[59.539564589000065,36.415135347000046],[59.540639239000029,36.414530702000036],[59.540728417000082,36.41448052700008],[59.540754475000028,36.414465776000043],[59.541431834000036,36.414082319000045],[59.541527184000074,36.414015521000067],[59.541607624000051,36.413940955000044],[59.54175387600003,36.413775474000033],[59.541944350000051,36.413559299000042],[59.542151334000039,36.413328506000028],[59.543989339000063,36.411276669000074],[59.546634316000052,36.408325467000054],[59.548860782000077,36.405851827000049],[59.549539585000048,36.405099043000064],[59.549782895000078,36.404829213000028],[59.550577514000054,36.403947965000043],[59.551075469000068,36.40339487500006],[59.552574240000069,36.401730101000055],[59.552612087000057,36.401688059000037],[59.552662415000043,36.401632156000062],[59.552786599000058,36.401490169000056],[59.552898263000031,36.401360858000032],[59.552983820000065,36.401276331000076],[59.553041807000056,36.401222587000063],[59.553092099000082,36.401185819000034],[59.553182522000043,36.401122501000032],[59.556305640000062,36.399239897000029],[59.55869496300005,36.397805578000032],[59.560129257000028,36.396945929000026],[59.56170716400004,36.396000167000068],[59.561849324000036,36.395914958000049],[59.564843127000074,36.394131155000025],[59.568256240000039,36.392092712000078],[59.568876035000073,36.391714281000077],[59.568922210000039,36.39168455600003],[59.568956074000027,36.391661270000043],[59.569361452000066,36.391424651000079],[59.569587203000083,36.391288753000026],[59.569754022000041,36.391208178000056],[59.569973219000076,36.391104840000025],[59.574990107000076,36.38879148400008],[59.575060749000045,36.388760965000074],[59.575117444000057,36.388736091000055],[59.57612875600006,36.388269878000074],[59.577242631000047,36.387756367000065],[59.578544367000063,36.387149073000046],[59.582850980000046,36.385139762000051],[59.58301429200003,36.385063561000038],[59.584238977000041,36.384492358000045],[59.586230021000063,36.383563679000076],[59.586715578000053,36.383336569000051],[59.587346370000034,36.383041528000035],[59.592165740000041,36.380795815000056],[59.593189883000036,36.380320038000036],[59.594633480000027,36.379649378000067],[59.596507951000035,36.378778499000077],[59.599759831000028,36.37726299600007],[59.59989353800006,36.377200681000033],[59.601237314000059,36.376574387000062],[59.603947276000042,36.375316395000027],[59.604048229000057,36.375266001000057],[59.60411394700003,36.375233253000033],[59.605733973000042,36.374482719000071],[59.606042264000052,36.374367831000029],[59.606075542000042,36.374358375000043],[59.606319401000064,36.374306337000064],[59.61041453100006,36.373446910000041],[59.61065418000004,36.373377624000057],[59.610689655000044,36.373367367000071],[59.610913427000071,36.373224884000024],[59.611177424000061,36.373029518000067],[59.614575535000029,36.370362715000056],[59.61479263800004,36.370176283000035],[59.614919116000067,36.37004647100008],[59.615957829000081,36.369008045000044],[59.616124332000027,36.368840266000063],[59.616616263000083,36.368344562000061],[59.617215117000057,36.367741552000041],[59.617429550000054,36.367557032000036],[59.617455686000028,36.367538872000068],[59.617728471000078,36.367378403000032],[59.617775274000053,36.367352034000078],[59.618267510000067,36.367074970000033],[59.619611567000049,36.366306184000052],[59.620815679000032,36.365617418000056],[59.62405539000008,36.363764149000076],[59.627384557000028,36.361859200000026],[59.628490360000058,36.361226420000037],[59.631048381000028,36.359769682000035],[59.631082421000031,36.359750297000062],[59.632092997000029,36.359148068000025],[59.632217436000076,36.359075952000069],[59.632249718000082,36.359057246000077],[59.632356482000034,36.358995386000061],[59.632561682000073,36.358878004000076],[59.632633385000076,36.358838239000079],[59.633342628000037,36.358433643000069],[59.633463928000083,36.358363119000046],[59.633498250000059,36.358343008000077],[59.63790272600005,36.35583070000007],[59.641964417000054,36.353506237000033],[59.642297371000041,36.353324806000046],[59.642335460000027,36.353299269000047],[59.64238152300004,36.353269261000037],[59.642450714000063,36.35322717400004],[59.646541093000053,36.35088315400003],[59.648087955000051,36.350008201000037],[59.650863326000035,36.348438271000077],[59.651097264000043,36.348277378000034],[59.653659860000062,36.346823565000079],[59.654469741000071,36.346353667000074],[59.655662015000075,36.345679953000058],[59.657484306000072,36.344608142000027],[59.657527623000078,36.344584929000064],[59.65758366600005,36.344557777000034],[59.657752186000039,36.344476545000077],[59.657781837000073,36.344462254000064],[59.658392486000082,36.344173030000036],[59.660331711000083,36.343254539000043],[59.663879137000038,36.341396472000042],[59.663909149000062,36.341381002000048],[59.663941281000064,36.341364464000037],[59.664010639000082,36.34132978100007],[59.664135101000056,36.341267579000032],[59.66417334700003,36.341248464000046],[59.666954647000068,36.339851988000078],[59.668578723000053,36.339036497000052],[59.669002457000033,36.338822985000036],[59.66912669900006,36.338760380000053],[59.66948852400003,36.338578062000067],[59.669775193000078,36.338438140000051],[59.669927530000052,36.338366819000044],[59.670129945000042,36.338272060000065],[59.670807038000078,36.337945302000037],[59.675058420000028,36.33579003400007],[59.677140745000031,36.33477537300007],[59.680218674000059,36.333399241000052],[59.680980242000032,36.333050024000045],[59.681507805000081,36.332808109000041],[59.681937595000079,36.332611058000055],[59.682009634000053,36.332579905000046],[59.688146018000054,36.329858218000027],[59.688228396000056,36.329821676000051],[59.688463629000069,36.329717325000047],[59.688688908000074,36.329612190000034],[59.690561917000082,36.328738051000073],[59.692191536000053,36.327907100000061],[59.695536743000048,36.326036879000071],[59.695603808000044,36.326000673000067],[59.698254198000029,36.324449286000061],[59.698332814000082,36.324389367000038],[59.698365210000077,36.32436639000008],[59.69856156700007,36.324248651000062],[59.699788489000071,36.323512944000072],[59.70044574800005,36.323078371000065],[59.702201459000037,36.321588990000066],[59.703053921000048,36.320887746000039],[59.703083958000036,36.320867449000048],[59.703117539000061,36.320851189000052],[59.703260731000057,36.320797280000079],[59.70356225300003,36.320717590000072],[59.703608246000044,36.320711155000026],[59.704013584000052,36.320690890000037],[59.704063898000072,36.320693365000068],[59.705200030000071,36.320896365000067],[59.706021141000065,36.32104355000007]]},"properties":{"OBJECTID":24,"Name":"Placemark","FolderPath":"Temporary Places/حریم 20 متری گاز/Harim20_Gaz_Project","SymbolID":1,"AltMode":0,"Base":0,"Clamped":-1,"Extruded":0,"Snippet":"","PopupInfo":"\u003chtml xmlns:fo=\"http://www.w3.org/1999/XSL/Format\" xmlns:msxsl=\"urn:schemas-microsoft-com:xslt\"\u003e\n\n\u003chead\u003e\n\n\u003cMETA http-equiv=\"Content-Type\" content=\"text/html\"\u003e\n\n\u003cmeta http-equiv=\"content-type\" content=\"text/html; charset=UTF-8\"\u003e\n\n\u003c/head\u003e\n\n\u003cbody style=\"margin:0px 0px 0px 0px;overflow:auto;background:#FFFFFF;\"\u003e\n\n\u003ctable style=\"font-family:Arial,Verdana,Times;font-size:12px;text-align:left;width:100%;border-collapse:collapse;padding:3px 3px 3px 3px\"\u003e\n\n\u003ctr style=\"text-align:center;font-weight:bold;background:#9CBCE2\"\u003e\n\n\u003ctd\u003e\u003c/td\u003e\n\n\u003c/tr\u003e\n\n\u003ctr\u003e\n\n\u003ctd\u003e\n\n\u003ctable style=\"font-family:Arial,Verdana,Times;font-size:12px;text-align:left;width:100%;border-spacing:0px; padding:3px 3px 3px 3px\"\u003e\n\n\u003ctr\u003e\n\n\u003ctd\u003eEntity\u003c/td\u003e\n\n\u003ctd\u003eLWPolyline\u003c/td\u003e\n\n\u003c/tr\u003e\n\n\u003ctr bgcolor=\"#D4E4F3\"\u003e\n\n\u003ctd\u003eLayer\u003c/td\u003e\n\n\u003ctd\u003eall_20\u003c/td\u003e\n\n\u003c/tr\u003e\n\n\u003ctr\u003e\n\n\u003ctd\u003eColor\u003c/td\u003e\n\n\u003ctd\u003e5\u003c/td\u003e\n\n\u003c/tr\u003e\n\n\u003ctr bgcolor=\"#D4E4F3\"\u003e\n\n\u003ctd\u003eLinetype\u003c/td\u003e\n\n\u003ctd\u003eContinuous\u003c/td\u003e\n\n\u003c/tr\u003e\n\n\u003ctr\u003e\n\n\u003ctd\u003eElevation\u003c/td\u003e\n\n\u003ctd\u003e0\u003c/td\u003e\n\n\u003c/tr\u003e\n\n\u003ctr bgcolor=\"#D4E4F3\"\u003e\n\n\u003ctd\u003eLineWt\u003c/td\u003e\n\n\u003ctd\u003e25\u003c/td\u003e\n\n\u003c/tr\u003e\n\n\u003ctr\u003e\n\n\u003ctd\u003eRefName\u003c/td\u003e\n\n\u003ctd\u003e\u003c/td\u003e\n\n\u003c/tr\u003e\n\n\u003c/table\u003e\n\n\u003c/td\u003e\n\n\u003c/tr\u003e\n\n\u003c/table\u003e\n\n\u003c/body\u003e\n\n\u003c/html\u003e","Shape_Length":0.203440941699043}},{"type":"Feature","id":25,"geometry":{"type":"LineString","coordinates":[[59.490321091000055,36.44696269800005],[59.490311117000033,36.446932795000066],[59.490307672000029,36.446901953000065],[59.490310858000043,36.446871091000048],[59.49032057800008,36.446841136000046],[59.490336543000069,36.446812981000051],[59.490358274000073,36.44678747100005],[59.490385122000077,36.446765367000069],[59.490479035000078,36.446698645000026],[59.49060501200006,36.446604729000057],[59.490757292000069,36.446498448000057],[59.491293688000042,36.446108786000025],[59.492327471000067,36.445357820000027],[59.493050433000064,36.444829923000043],[59.493265228000041,36.444673087000069],[59.496093918000042,36.442608902000075],[59.496210555000062,36.442523787000027],[59.498720691000074,36.440696523000042],[59.500643321000041,36.43929685300003],[59.504345068000077,36.436594726000067],[59.505357186000083,36.435789211000042],[59.506858539000064,36.434594283000024],[59.506920406000063,36.434545369000034],[59.508737563000068,36.433108588000039],[59.510881460000064,36.431402952000042],[59.51140941500006,36.431078361000061],[59.511504159000083,36.431020346000025],[59.51153262400004,36.431004205000079],[59.513464706000036,36.42991457100004],[59.513514311000051,36.429886471000032],[59.51492445000008,36.429087693000042],[59.517194117000031,36.427801964000025],[59.518548483000075,36.427034700000036],[59.520616103000066,36.425864077000028],[59.523138003000042,36.424436159000038],[59.52358838300006,36.424181142000066],[59.52463036100005,36.423596452000027],[59.524670143000037,36.423572160000049],[59.524736967000081,36.423537287000045],[59.527638273000036,36.421889911000051],[59.528606264000075,36.421341908000045],[59.529285172000073,36.42095755400004],[59.53040072400006,36.420325981000076]]},"properties":{"OBJECTID":25,"Name":"Placemark","FolderPath":"Temporary Places/حریم 20 متری گاز/Harim20_Gaz_Project","SymbolID":1,"AltMode":0,"Base":0,"Clamped":-1,"Extruded":0,"Snippet":"","PopupInfo":"\u003chtml xmlns:fo=\"http://www.w3.org/1999/XSL/Format\" xmlns:msxsl=\"urn:schemas-microsoft-com:xslt\"\u003e\n\n\u003chead\u003e\n\n\u003cMETA http-equiv=\"Content-Type\" content=\"text/html\"\u003e\n\n\u003cmeta http-equiv=\"content-type\" content=\"text/html; charset=UTF-8\"\u003e\n\n\u003c/head\u003e\n\n\u003cbody style=\"margin:0px 0px 0px 0px;overflow:auto;background:#FFFFFF;\"\u003e\n\n\u003ctable style=\"font-family:Arial,Verdana,Times;font-size:12px;text-align:left;width:100%;border-collapse:collapse;padding:3px 3px 3px 3px\"\u003e\n\n\u003ctr style=\"text-align:center;font-weight:bold;background:#9CBCE2\"\u003e\n\n\u003ctd\u003e\u003c/td\u003e\n\n\u003c/tr\u003e\n\n\u003ctr\u003e\n\n\u003ctd\u003e\n\n\u003ctable style=\"font-family:Arial,Verdana,Times;font-size:12px;text-align:left;width:100%;border-spacing:0px; padding:3px 3px 3px 3px\"\u003e\n\n\u003ctr\u003e\n\n\u003ctd\u003eEntity\u003c/td\u003e\n\n\u003ctd\u003eLWPolyline\u003c/td\u003e\n\n\u003c/tr\u003e\n\n\u003ctr bgcolor=\"#D4E4F3\"\u003e\n\n\u003ctd\u003eLayer\u003c/td\u003e\n\n\u003ctd\u003eall_20\u003c/td\u003e\n\n\u003c/tr\u003e\n\n\u003ctr\u003e\n\n\u003ctd\u003eColor\u003c/td\u003e\n\n\u003ctd\u003e5\u003c/td\u003e\n\n\u003c/tr\u003e\n\n\u003ctr bgcolor=\"#D4E4F3\"\u003e\n\n\u003ctd\u003eLinetype\u003c/td\u003e\n\n\u003ctd\u003eContinuous\u003c/td\u003e\n\n\u003c/tr\u003e\n\n\u003ctr\u003e\n\n\u003ctd\u003eElevation\u003c/td\u003e\n\n\u003ctd\u003e0\u003c/td\u003e\n\n\u003c/tr\u003e\n\n\u003ctr bgcolor=\"#D4E4F3\"\u003e\n\n\u003ctd\u003eLineWt\u003c/td\u003e\n\n\u003ctd\u003e25\u003c/td\u003e\n\n\u003c/tr\u003e\n\n\u003ctr\u003e\n\n\u003ctd\u003eRefName\u003c/td\u003e\n\n\u003ctd\u003e\u003c/td\u003e\n\n\u003c/tr\u003e\n\n\u003c/table\u003e\n\n\u003c/td\u003e\n\n\u003c/tr\u003e\n\n\u003c/table\u003e\n\n\u003c/body\u003e\n\n\u003c/html\u003e","Shape_Length":0.048289015528394048}},{"type":"Feature","id":26,"geometry":{"type":"LineString","coordinates":[[59.437535951000029,36.468143456000064],[59.43728980700007,36.468332669000063],[59.437244987000042,36.46835894700007],[59.437125386000048,36.468405979000067],[59.432990375000031,36.469803330000047],[59.429730979000055,36.470904527000073],[59.428734362000057,36.471221515000025],[59.423448416000042,36.472927134000031],[59.422642711000037,36.473187264000046],[59.422166188000062,36.47334111300006],[59.418527785000038,36.474515705000044],[59.414540442000032,36.475821616000076],[59.414118356000074,36.475960563000058],[59.413890427000069,36.476042636000045],[59.413544625000043,36.476144746000045],[59.412341477000041,36.476552843000036],[59.409160851000081,36.477611628000034],[59.406761501000062,36.478405234000036],[59.405707685000039,36.478764324000053],[59.402782886000068,36.479730124000071],[59.402706962000082,36.479755193000074],[59.402628180000079,36.479781046000028],[59.402050261000056,36.479967032000047],[59.399786708000079,36.48070498900006],[59.399744817000055,36.480717771000059],[59.398858182000083,36.480988025000045],[59.395747093000068,36.481978065000078],[59.394614797000031,36.482344028000057],[59.391589329000055,36.48329379300003],[59.389646018000064,36.483910190000074],[59.389056155000048,36.484100736000073],[59.388918285000045,36.484145953000052],[59.386693366000031,36.484848268000064],[59.384851780000076,36.485433477000072],[59.384796044000041,36.485451137000041],[59.381162515000028,36.486596502000054],[59.379492321000043,36.487126837000062],[59.37633489500007,36.488136563000069],[59.375912603000074,36.488268250000033],[59.375567130000036,36.488388753000038],[59.375534908000077,36.488397597000073],[59.375494324000044,36.488405987000078],[59.375448585000072,36.488414530000057],[59.375398822000079,36.488421938000045],[59.375352096000029,36.488426540000034],[59.375289312000064,36.488428869000074],[59.375237981000055,36.488428000000056],[59.375191944000051,36.48842563200003],[59.375145041000053,36.488422300000025],[59.37501461100004,36.488407224000071],[59.374976220000065,36.488399842000035],[59.374723244000052,36.488326811000036],[59.374218831000064,36.48818788400007],[59.374166688000059,36.488175503000036],[59.374085343000047,36.488156206000042],[59.374003062000043,36.488136648000079],[59.373758789000078,36.488071710000042],[59.372167282000078,36.487648271000069],[59.371807100000069,36.487572941000053],[59.371760137000081,36.487574326000072],[59.37171937200003,36.487578094000071],[59.371674948000077,36.487588997000046],[59.371633079000048,36.487607487000048],[59.371592110000051,36.487628346000065],[59.370828992000042,36.488011383000071],[59.367613095000081,36.489736611000069],[59.364432230000034,36.491432816000042],[59.36439800200003,36.491447629000049],[59.36436111200004,36.491457424000032],[59.364322677000075,36.49146190600004],[59.364283862000036,36.491460938000046],[59.364245844000038,36.491454551000061],[59.364209771000048,36.491442937000045],[59.364176741000051,36.491426450000063],[59.364147751000075,36.491405586000042],[59.364123680000034,36.491380980000031],[59.364105259000041,36.491353377000053],[59.36409304600005,36.491323612000031],[59.364087408000046,36.491292588000078],[59.364088518000074,36.491261245000032],[59.364096344000075,36.491230532000031],[59.364110646000029,36.491201380000064],[59.364130991000081,36.491174672000056],[59.364156764000029,36.491151218000027],[59.364187184000059,36.491131727000038],[59.367366692000076,36.489436242000068],[59.370588671000064,36.487707820000026],[59.371354190000034,36.487323553000067],[59.37138477600007,36.487307783000062],[59.371421050000038,36.487289999000041],[59.371462379000036,36.487271703000033],[59.371507910000048,36.487254453000048],[59.37154703200008,36.487242552000055],[59.371612028000072,36.48722790000005],[59.371664324000051,36.48722026400003],[59.371711445000074,36.487215938000077],[59.371748966000041,36.487213914000051],[59.37179681300006,36.487212733000035],[59.371834020000051,36.487212433000025],[59.371877923000056,36.487216012000033],[59.372292260000052,36.487302382000053],[59.373895725000068,36.487728827000069],[59.374134051000055,36.487792239000044],[59.374211152000044,36.48781053600004],[59.37429589900006,36.487830656000028],[59.374354441000037,36.48784463100003],[59.374870497000074,36.48798670900004],[59.375100675000056,36.488053239000067],[59.37521018800004,36.488065306000067],[59.375271368000028,36.488068336000026],[59.375322264000033,36.48806673100006],[59.375357215000065,36.488061873000049],[59.375397600000042,36.488054090000048],[59.375744127000075,36.487934627000072],[59.376170354000067,36.487801669000078],[59.379328409000038,36.486791741000047],[59.380999596000038,36.486261090000028],[59.384633434000079,36.485115628000074],[59.384688630000028,36.485098139000058],[59.386522497000044,36.484515575000046],[59.388753106000081,36.483811264000053],[59.388888714000075,36.483766781000043],[59.389479251000068,36.483576018000065],[59.391429560000063,36.482957398000053],[59.394451081000057,36.482008870000072],[59.395582551000075,36.48164317100003],[59.398697578000053,36.480651887000079],[59.399587268000062,36.48038069100005],[59.399625229000037,36.480369121000024],[59.401885145000051,36.479632325000068],[59.402474363000067,36.479442845000051],[59.402539148000074,36.47942136100005],[59.402614781000068,36.479396388000055],[59.405536489000042,36.478431613000055],[59.40659019800006,36.478072560000044],[59.408991098000058,36.477278437000052],[59.412169672000061,36.476220339000065],[59.413381746000027,36.475809323000078],[59.413723789000073,36.475708393000048],[59.413942229000043,36.475629531000038],[59.414374101000078,36.475487306000048],[59.41836115600006,36.474181488000056],[59.422000596000032,36.473006558000066],[59.422477120000053,36.472852709000051],[59.423282871000083,36.472592564000024],[59.428572408000036,36.470885806000069],[59.42956319700005,36.47057068600003],[59.432818218000079,36.469470945000069],[59.436942538000039,36.468077333000053],[59.437006772000075,36.468052451000062],[59.437241007000068,36.46786862700003],[59.437285688000031,36.46784221300004],[59.43734362500004,36.467818289000036]]},"properties":{"OBJECTID":26,"Name":"Placemark","FolderPath":"Temporary Places/حریم 20 متری گاز/Harim20_Gaz_Project","SymbolID":1,"AltMode":0,"Base":0,"Clamped":-1,"Extruded":0,"Snippet":"","PopupInfo":"\u003chtml xmlns:fo=\"http://www.w3.org/1999/XSL/Format\" xmlns:msxsl=\"urn:schemas-microsoft-com:xslt\"\u003e\n\n\u003chead\u003e\n\n\u003cMETA http-equiv=\"Content-Type\" content=\"text/html\"\u003e\n\n\u003cmeta http-equiv=\"content-type\" content=\"text/html; charset=UTF-8\"\u003e\n\n\u003c/head\u003e\n\n\u003cbody style=\"margin:0px 0px 0px 0px;overflow:auto;background:#FFFFFF;\"\u003e\n\n\u003ctable style=\"font-family:Arial,Verdana,Times;font-size:12px;text-align:left;width:100%;border-collapse:collapse;padding:3px 3px 3px 3px\"\u003e\n\n\u003ctr style=\"text-align:center;font-weight:bold;background:#9CBCE2\"\u003e\n\n\u003ctd\u003e\u003c/td\u003e\n\n\u003c/tr\u003e\n\n\u003ctr\u003e\n\n\u003ctd\u003e\n\n\u003ctable style=\"font-family:Arial,Verdana,Times;font-size:12px;text-align:left;width:100%;border-spacing:0px; padding:3px 3px 3px 3px\"\u003e\n\n\u003ctr\u003e\n\n\u003ctd\u003eEntity\u003c/td\u003e\n\n\u003ctd\u003eLWPolyline\u003c/td\u003e\n\n\u003c/tr\u003e\n\n\u003ctr bgcolor=\"#D4E4F3\"\u003e\n\n\u003ctd\u003eLayer\u003c/td\u003e\n\n\u003ctd\u003eall_20\u003c/td\u003e\n\n\u003c/tr\u003e\n\n\u003ctr\u003e\n\n\u003ctd\u003eColor\u003c/td\u003e\n\n\u003ctd\u003e5\u003c/td\u003e\n\n\u003c/tr\u003e\n\n\u003ctr bgcolor=\"#D4E4F3\"\u003e\n\n\u003ctd\u003eLinetype\u003c/td\u003e\n\n\u003ctd\u003eContinuous\u003c/td\u003e\n\n\u003c/tr\u003e\n\n\u003ctr\u003e\n\n\u003ctd\u003eElevation\u003c/td\u003e\n\n\u003ctd\u003e0\u003c/td\u003e\n\n\u003c/tr\u003e\n\n\u003ctr bgcolor=\"#D4E4F3\"\u003e\n\n\u003ctd\u003eLineWt\u003c/td\u003e\n\n\u003ctd\u003e25\u003c/td\u003e\n\n\u003c/tr\u003e\n\n\u003ctr\u003e\n\n\u003ctd\u003eRefName\u003c/td\u003e\n\n\u003ctd\u003e\u003c/td\u003e\n\n\u003c/tr\u003e\n\n\u003c/table\u003e\n\n\u003c/td\u003e\n\n\u003c/tr\u003e\n\n\u003c/table\u003e\n\n\u003c/body\u003e\n\n\u003c/html\u003e","Shape_Length":0.15553034435882782}},{"type":"Feature","id":27,"geometry":{"type":"LineString","coordinates":[[59.705938960000083,36.321397912000066],[59.705044174000079,36.32128586400006],[59.704202792000046,36.321141761000035],[59.703616039000053,36.321137254000064],[59.703457695000054,36.321184601000027],[59.70018735900004,36.323906217000058],[59.700164897000036,36.323921881000047],[59.698938499000064,36.324664583000072],[59.69874980000003,36.324765908000074],[59.69828898600008,36.325044598000034],[59.695933308000065,36.326394945000061],[59.695896688000062,36.326415935000057],[59.692881756000077,36.328138038000077],[59.692630566000048,36.328276377000066],[59.691856058000042,36.328702423000038],[59.690820950000045,36.329168864000053],[59.688700720000043,36.330123592000064],[59.68835647800006,36.330279938000047],[59.688205174000075,36.330348656000069],[59.685172499000032,36.331725944000027],[59.682276236000064,36.333023038000078],[59.682170195000083,36.33307054200003],[59.680477643000074,36.333828715000038],[59.677294218000043,36.335260047000077],[59.674053348000029,36.336845698000047],[59.671095639000043,36.338341054000068],[59.670709520000059,36.338536258000033],[59.670420510000042,36.338680854000074],[59.669826457000056,36.338981820000072],[59.669312417000071,36.339236309000057],[59.668886025000063,36.339447376000066],[59.664605883000036,36.341616384000076],[59.66415567100006,36.341833811000072],[59.662696308000079,36.342579676000071],[59.66059397600003,36.34363215500008],[59.65802586600006,36.344917758000065],[59.65788552600003,36.344988855000054],[59.657369546000041,36.345255458000054],[59.656641504000049,36.345678498000041],[59.656015016000083,36.346061325000051],[59.655959369000072,36.346094442000037],[59.65581661300007,36.346179273000075],[59.654867646000071,36.346698328000059],[59.654783003000034,36.346747325000024],[59.654680599000073,36.346780445000036],[59.654657254000028,36.346810101000074],[59.654624881000075,36.346837998000069],[59.654604127000027,36.346851351000055],[59.654541730000062,36.346886902000051],[59.654394057000047,36.34697458800008],[59.653858993000028,36.347277166000026],[59.653756263000048,36.347337162000031],[59.653673221000076,36.347387504000039],[59.652862584000047,36.347850128000061],[59.651424508000048,36.34866829300006],[59.64877720100003,36.350174884000069],[59.648089403000029,36.350569504000077],[59.646097113000053,36.351712522000071],[59.642801988000031,36.353605426000058],[59.642649547000076,36.353687885000056],[59.642331248000062,36.35386872600003],[59.63952783600007,36.355486770000027],[59.633841532000076,36.358740063000027],[59.63371963000003,36.358809800000074],[59.633152582000037,36.359133630000031],[59.632958177000035,36.359245357000077],[59.632871139000031,36.359295387000031],[59.632650223000041,36.359422348000066],[59.632548029000077,36.35948187200006],[59.632479062000073,36.359521388000076],[59.631137239000054,36.360290099000053],[59.628325564000079,36.361900266000077],[59.627752245000067,36.362228173000062],[59.627211247000048,36.362537587000077],[59.624201222000067,36.364259032000064],[59.620980252000038,36.366100359000029],[59.620130889000052,36.366584297000031],[59.620063739000045,36.366622557000028],[59.617911820000074,36.367848590000051],[59.61772553000003,36.367966256000045],[59.617576885000062,36.368113403000052],[59.616630861000033,36.369064257000048],[59.616348107000078,36.369348448000039],[59.615266023000061,36.370444151000072],[59.615082158000064,36.370613296000045],[59.614876876000039,36.370779223000056],[59.611332421000043,36.373556247000067],[59.611047502000076,36.373742445000062],[59.611019705000047,36.37375791900007],[59.610989336000046,36.373769818000028],[59.610692696000058,36.373863684000071],[59.606477530000063,36.374761464000073],[59.606180024000082,36.37482914800006],[59.605886136000038,36.374948324000059],[59.60434732300007,36.375666145000025],[59.60428440000004,36.375690282000051],[59.604191916000048,36.375724268000056],[59.601507406000053,36.376992008000059],[59.596830398000066,36.37916922900007],[59.593436831000076,36.380757476000042],[59.590259961000072,36.382234323000034],[59.586594858000069,36.383937458000048],[59.584989121000035,36.384686617000057],[59.583221547000051,36.385511201000043],[59.583064763000039,36.385584121000079],[59.578755523000041,36.387588220000055],[59.57749070400007,36.388176401000067],[59.576446400000066,36.388660404000063],[59.576021745000048,36.388857214000041],[59.575405707000073,36.389142711000034],[59.57536415800007,36.389162500000054],[59.575282149000031,36.389203059000067],[59.571869494000055,36.390793452000025],[59.569368338000061,36.392004107000048],[59.569340593000049,36.392020382000055],[59.569286627000054,36.39205359500005],[59.569227083000044,36.392087463000053],[59.568549202000042,36.392492900000036],[59.563833342000066,36.395316647000072],[59.559763031000045,36.397757159000037],[59.559126154000069,36.398138995000068],[59.553599990000066,36.401455655000063],[59.553549203000046,36.401485617000048],[59.553469437000047,36.401534402000038],[59.553428685000029,36.401568310000073],[59.553400827000075,36.401599272000055],[59.553105369000036,36.401927640000054],[59.551133417000074,36.404119167000033],[59.551071001000082,36.404188566000073],[59.54874882200005,36.406781393000074],[59.54444019400006,36.411571768000044],[59.542276469000058,36.413992689000054],[59.542091047000042,36.414196657000048],[59.541948792000028,36.414335111000071],[59.541919449000034,36.414358357000026],[59.541564810000068,36.414569742000026],[59.54141637400005,36.414657342000055],[59.541064786000049,36.414864829000066],[59.540970777000041,36.414920290000055],[59.540196156000036,36.415359977000037],[59.53862265600003,36.416253055000027],[59.536247995000053,36.417596485000047],[59.533585693000077,36.419102273000078],[59.531060076000074,36.420528082000033],[59.529517537000061,36.421404305000067],[59.528833896000037,36.421792628000048],[59.528788026000029,36.421818682000037],[59.52801184100008,36.422259544000042],[59.525058699000056,36.423926800000061],[59.525019680000071,36.423948740000071],[59.524973782000075,36.423974548000047],[59.52483126900006,36.424054679000051],[59.523333789000048,36.424903504000042],[59.521560319000059,36.42590541800007],[59.518561440000042,36.427607611000042],[59.517803627000035,36.428034865000029],[59.515743490000034,36.42919631500007],[59.515232946000083,36.429485906000025],[59.514210887000047,36.430065622000029],[59.512728199000037,36.43090658300008],[59.511861314000043,36.43139824900004],[59.511779906000072,36.431446814000026],[59.511340601000029,36.43169303600007],[59.509135803000049,36.433451461000061],[59.506663099000036,36.435409838000055],[59.50355432300006,36.437811380000028],[59.501017216000037,36.43966110100007],[59.499106450000056,36.441049698000029],[59.498077274000082,36.441797591000068],[59.495160431000045,36.443926043000033],[59.492712704000041,36.445712095000033],[59.491240854000068,36.446778076000044],[59.490446998000039,36.447356052000032]]},"properties":{"OBJECTID":27,"Name":"Placemark","FolderPath":"Temporary Places/حریم 20 متری گاز/Harim20_Gaz_Project","SymbolID":1,"AltMode":0,"Base":0,"Clamped":-1,"Extruded":0,"Snippet":"","PopupInfo":"\u003chtml xmlns:fo=\"http://www.w3.org/1999/XSL/Format\" xmlns:msxsl=\"urn:schemas-microsoft-com:xslt\"\u003e\n\n\u003chead\u003e\n\n\u003cMETA http-equiv=\"Content-Type\" content=\"text/html\"\u003e\n\n\u003cmeta http-equiv=\"content-type\" content=\"text/html; charset=UTF-8\"\u003e\n\n\u003c/head\u003e\n\n\u003cbody style=\"margin:0px 0px 0px 0px;overflow:auto;background:#FFFFFF;\"\u003e\n\n\u003ctable style=\"font-family:Arial,Verdana,Times;font-size:12px;text-align:left;width:100%;border-collapse:collapse;padding:3px 3px 3px 3px\"\u003e\n\n\u003ctr style=\"text-align:center;font-weight:bold;background:#9CBCE2\"\u003e\n\n\u003ctd\u003e\u003c/td\u003e\n\n\u003c/tr\u003e\n\n\u003ctr\u003e\n\n\u003ctd\u003e\n\n\u003ctable style=\"font-family:Arial,Verdana,Times;font-size:12px;text-align:left;width:100%;border-spacing:0px; padding:3px 3px 3px 3px\"\u003e\n\n\u003ctr\u003e\n\n\u003ctd\u003eEntity\u003c/td\u003e\n\n\u003ctd\u003eLWPolyline\u003c/td\u003e\n\n\u003c/tr\u003e\n\n\u003ctr bgcolor=\"#D4E4F3\"\u003e\n\n\u003ctd\u003eLayer\u003c/td\u003e\n\n\u003ctd\u003eall_20\u003c/td\u003e\n\n\u003c/tr\u003e\n\n\u003ctr\u003e\n\n\u003ctd\u003eColor\u003c/td\u003e\n\n\u003ctd\u003e5\u003c/td\u003e\n\n\u003c/tr\u003e\n\n\u003ctr bgcolor=\"#D4E4F3\"\u003e\n\n\u003ctd\u003eLinetype\u003c/td\u003e\n\n\u003ctd\u003eContinuous\u003c/td\u003e\n\n\u003c/tr\u003e\n\n\u003ctr\u003e\n\n\u003ctd\u003eElevation\u003c/td\u003e\n\n\u003ctd\u003e0\u003c/td\u003e\n\n\u003c/tr\u003e\n\n\u003ctr bgcolor=\"#D4E4F3\"\u003e\n\n\u003ctd\u003eLineWt\u003c/td\u003e\n\n\u003ctd\u003e25\u003c/td\u003e\n\n\u003c/tr\u003e\n\n\u003ctr\u003e\n\n\u003ctd\u003eRefName\u003c/td\u003e\n\n\u003ctd\u003e\u003c/td\u003e\n\n\u003c/tr\u003e\n\n\u003c/table\u003e\n\n\u003c/td\u003e\n\n\u003c/tr\u003e\n\n\u003c/table\u003e\n\n\u003c/body\u003e\n\n\u003c/html\u003e","Shape_Length":0.25185890900726909}},{"type":"Feature","id":28,"geometry":{"type":"LineString","coordinates":[[59.76485152500004,36.307221519000052],[59.764888301000042,36.307223840000063],[59.764924097000062,36.307231050000041],[59.764957927000069,36.307242951000035],[59.764988862000052,36.307259214000055],[59.765016051000032,36.307279392000055],[59.765038742000058,36.307302931000038],[59.765056314000049,36.307329182000046],[59.765068282000072,36.307357422000052],[59.765074318000075,36.307386876000066],[59.765074255000059,36.307416733000025],[59.765068095000061,36.307446169000059],[59.765056007000055,36.307474377000062],[59.765038324000045,36.307500579000077],[59.765015532000064,36.307524054000055],[59.764988259000063,36.307544158000042],[59.764957256000059,36.307560335000062],[59.76492337500008,36.307572141000037],[59.760173525000027,36.30886104700005],[59.751401558000055,36.311255323000069],[59.749657432000049,36.311731763000068],[59.747013448000075,36.312436797000032],[59.746817110000052,36.312489151000079],[59.746686141000055,36.312524072000031],[59.746443012000043,36.312588899000048],[59.74626683200006,36.312635875000069],[59.74617930200003,36.312659212000028],[59.745877657000051,36.312738913000032],[59.744586883000068,36.312946046000036],[59.744129505000046,36.313019262000068],[59.743063398000061,36.313189915000066],[59.742195601000049,36.31332881700007],[59.742089012000065,36.313345878000064],[59.741075850000072,36.313508039000055],[59.739975319000052,36.313684182000031],[59.73883819200006,36.313866171000029],[59.737490600000058,36.314085261000059],[59.729750511000077,36.315341755000077],[59.729698408000047,36.315350205000072],[59.729621903000066,36.315361908000057],[59.729361161000043,36.315401774000065],[59.728144479000036,36.315593354000043],[59.726529019000054,36.315850627000032],[59.724902119000035,36.316148334000047],[59.724618837000037,36.316207102000078],[59.724451495000039,36.316241819000027],[59.721008687000051,36.31780511900007],[59.720461947000047,36.318061663000037],[59.720147635000046,36.318209094000053],[59.720076953000046,36.318242247000057],[59.720032069000069,36.318263300000069]]},"properties":{"OBJECTID":28,"Name":"Placemark","FolderPath":"Temporary Places/حریم 20 متری گاز/Harim20_Gaz_Project","SymbolID":1,"AltMode":0,"Base":0,"Clamped":-1,"Extruded":0,"Snippet":"","PopupInfo":"\u003chtml xmlns:fo=\"http://www.w3.org/1999/XSL/Format\" xmlns:msxsl=\"urn:schemas-microsoft-com:xslt\"\u003e\n\n\u003chead\u003e\n\n\u003cMETA http-equiv=\"Content-Type\" content=\"text/html\"\u003e\n\n\u003cmeta http-equiv=\"content-type\" content=\"text/html; charset=UTF-8\"\u003e\n\n\u003c/head\u003e\n\n\u003cbody style=\"margin:0px 0px 0px 0px;overflow:auto;background:#FFFFFF;\"\u003e\n\n\u003ctable style=\"font-family:Arial,Verdana,Times;font-size:12px;text-align:left;width:100%;border-collapse:collapse;padding:3px 3px 3px 3px\"\u003e\n\n\u003ctr style=\"text-align:center;font-weight:bold;background:#9CBCE2\"\u003e\n\n\u003ctd\u003e\u003c/td\u003e\n\n\u003c/tr\u003e\n\n\u003ctr\u003e\n\n\u003ctd\u003e\n\n\u003ctable style=\"font-family:Arial,Verdana,Times;font-size:12px;text-align:left;width:100%;border-spacing:0px; padding:3px 3px 3px 3px\"\u003e\n\n\u003ctr\u003e\n\n\u003ctd\u003eEntity\u003c/td\u003e\n\n\u003ctd\u003eLWPolyline\u003c/td\u003e\n\n\u003c/tr\u003e\n\n\u003ctr bgcolor=\"#D4E4F3\"\u003e\n\n\u003ctd\u003eLayer\u003c/td\u003e\n\n\u003ctd\u003eall_20\u003c/td\u003e\n\n\u003c/tr\u003e\n\n\u003ctr\u003e\n\n\u003ctd\u003eColor\u003c/td\u003e\n\n\u003ctd\u003e5\u003c/td\u003e\n\n\u003c/tr\u003e\n\n\u003ctr bgcolor=\"#D4E4F3\"\u003e\n\n\u003ctd\u003eLinetype\u003c/td\u003e\n\n\u003ctd\u003eContinuous\u003c/td\u003e\n\n\u003c/tr\u003e\n\n\u003ctr\u003e\n\n\u003ctd\u003eElevation\u003c/td\u003e\n\n\u003ctd\u003e0\u003c/td\u003e\n\n\u003c/tr\u003e\n\n\u003ctr bgcolor=\"#D4E4F3\"\u003e\n\n\u003ctd\u003eLineWt\u003c/td\u003e\n\n\u003ctd\u003e25\u003c/td\u003e\n\n\u003c/tr\u003e\n\n\u003ctr\u003e\n\n\u003ctd\u003eRefName\u003c/td\u003e\n\n\u003ctd\u003e\u003c/td\u003e\n\n\u003c/tr\u003e\n\n\u003c/table\u003e\n\n\u003c/td\u003e\n\n\u003c/tr\u003e\n\n\u003c/table\u003e\n\n\u003c/body\u003e\n\n\u003c/html\u003e","Shape_Length":0.04686818928165784}},{"type":"Feature","id":29,"geometry":{"type":"LineString","coordinates":[[59.706021141000065,36.32104355000007],[59.707987752000065,36.32128967400007],[59.710381386000051,36.32171760600005],[59.710639079000032,36.321760429000051],[59.710884217000057,36.321804704000044],[59.711056161000045,36.32182625400003],[59.711183120000044,36.321820032000062],[59.711253150000061,36.321803874000068],[59.711618439000063,36.321640175000027],[59.712849265000045,36.321131502000071],[59.71760408800003,36.318942563000064],[59.718842190000032,36.31838224300003],[59.718921027000079,36.318346568000038],[59.719269311000062,36.318191357000046],[59.719543964000081,36.318075727000064],[59.719755981000048,36.317976281000028]]},"properties":{"OBJECTID":29,"Name":"Placemark","FolderPath":"Temporary Places/حریم 20 متری گاز/Harim20_Gaz_Project","SymbolID":1,"AltMode":0,"Base":0,"Clamped":-1,"Extruded":0,"Snippet":"","PopupInfo":"\u003chtml xmlns:fo=\"http://www.w3.org/1999/XSL/Format\" xmlns:msxsl=\"urn:schemas-microsoft-com:xslt\"\u003e\n\n\u003chead\u003e\n\n\u003cMETA http-equiv=\"Content-Type\" content=\"text/html\"\u003e\n\n\u003cmeta http-equiv=\"content-type\" content=\"text/html; charset=UTF-8\"\u003e\n\n\u003c/head\u003e\n\n\u003cbody style=\"margin:0px 0px 0px 0px;overflow:auto;background:#FFFFFF;\"\u003e\n\n\u003ctable style=\"font-family:Arial,Verdana,Times;font-size:12px;text-align:left;width:100%;border-collapse:collapse;padding:3px 3px 3px 3px\"\u003e\n\n\u003ctr style=\"text-align:center;font-weight:bold;background:#9CBCE2\"\u003e\n\n\u003ctd\u003e\u003c/td\u003e\n\n\u003c/tr\u003e\n\n\u003ctr\u003e\n\n\u003ctd\u003e\n\n\u003ctable style=\"font-family:Arial,Verdana,Times;font-size:12px;text-align:left;width:100%;border-spacing:0px; padding:3px 3px 3px 3px\"\u003e\n\n\u003ctr\u003e\n\n\u003ctd\u003eEntity\u003c/td\u003e\n\n\u003ctd\u003eLWPolyline\u003c/td\u003e\n\n\u003c/tr\u003e\n\n\u003ctr bgcolor=\"#D4E4F3\"\u003e\n\n\u003ctd\u003eLayer\u003c/td\u003e\n\n\u003ctd\u003eall_20\u003c/td\u003e\n\n\u003c/tr\u003e\n\n\u003ctr\u003e\n\n\u003ctd\u003eColor\u003c/td\u003e\n\n\u003ctd\u003e5\u003c/td\u003e\n\n\u003c/tr\u003e\n\n\u003ctr bgcolor=\"#D4E4F3\"\u003e\n\n\u003ctd\u003eLinetype\u003c/td\u003e\n\n\u003ctd\u003eContinuous\u003c/td\u003e\n\n\u003c/tr\u003e\n\n\u003ctr\u003e\n\n\u003ctd\u003eElevation\u003c/td\u003e\n\n\u003ctd\u003e0\u003c/td\u003e\n\n\u003c/tr\u003e\n\n\u003ctr bgcolor=\"#D4E4F3\"\u003e\n\n\u003ctd\u003eLineWt\u003c/td\u003e\n\n\u003ctd\u003e25\u003c/td\u003e\n\n\u003c/tr\u003e\n\n\u003ctr\u003e\n\n\u003ctd\u003eRefName\u003c/td\u003e\n\n\u003ctd\u003e\u003c/td\u003e\n\n\u003c/tr\u003e\n\n\u003c/table\u003e\n\n\u003c/td\u003e\n\n\u003c/tr\u003e\n\n\u003c/table\u003e\n\n\u003c/body\u003e\n\n\u003c/html\u003e","Shape_Length":0.014621717847787997}},{"type":"Feature","id":30,"geometry":{"type":"LineString","coordinates":[[59.437746315000027,36.467663378000054],[59.437875142000053,36.467625302000044],[59.439307366000037,36.467111560000035],[59.440929459000074,36.466529683000033],[59.440992900000083,36.466506926000079],[59.442455879000079,36.465982101000066],[59.443429731000037,36.46563272700007],[59.446583712000063,36.464499118000049],[59.446648763000042,36.464475295000057],[59.452175605000036,36.462499342000058],[59.461488225000039,36.459143697000059],[59.461519595000027,36.45913482900005],[59.461597042000051,36.45911381500008],[59.46185282700003,36.459031464000077],[59.467780116000029,36.456900848000032],[59.470926184000064,36.455775840000058],[59.474547923000046,36.454293322000069],[59.476877180000031,36.453339782000057],[59.478387927000028,36.452712543000075],[59.478470937000054,36.452677889000029],[59.478541458000052,36.452648454000041],[59.478644247000034,36.452605530000028],[59.478912174000072,36.45249367100007],[59.478946099000041,36.452479507000078],[59.479048951000038,36.452437185000065],[59.479077755000048,36.45242511500004],[59.479202220000047,36.452372854000032],[59.47932103200003,36.452322967000043],[59.482279238000046,36.45110023400008],[59.483579162000069,36.450560811000059],[59.486425483000062,36.449394242000039],[59.487084914000036,36.449098728000024],[59.487249797000061,36.449005860000057],[59.488052291000031,36.448543434000044],[59.488434274000042,36.448330138000074],[59.488468088000047,36.448308606000069],[59.488496821000069,36.448290024000073],[59.489668259000041,36.447438301000034],[59.48984975500008,36.447305854000035],[59.489946973000031,36.447235074000048],[59.490030580000052,36.447174205000067],[59.490321091000055,36.44696269800005]]},"properties":{"OBJECTID":30,"Name":"Placemark","FolderPath":"Temporary Places/حریم 20 متری گاز/Harim20_Gaz_Project","SymbolID":1,"AltMode":0,"Base":0,"Clamped":-1,"Extruded":0,"Snippet":"","PopupInfo":"\u003chtml xmlns:fo=\"http://www.w3.org/1999/XSL/Format\" xmlns:msxsl=\"urn:schemas-microsoft-com:xslt\"\u003e\n\n\u003chead\u003e\n\n\u003cMETA http-equiv=\"Content-Type\" content=\"text/html\"\u003e\n\n\u003cmeta http-equiv=\"content-type\" content=\"text/html; charset=UTF-8\"\u003e\n\n\u003c/head\u003e\n\n\u003cbody style=\"margin:0px 0px 0px 0px;overflow:auto;background:#FFFFFF;\"\u003e\n\n\u003ctable style=\"font-family:Arial,Verdana,Times;font-size:12px;text-align:left;width:100%;border-collapse:collapse;padding:3px 3px 3px 3px\"\u003e\n\n\u003ctr style=\"text-align:center;font-weight:bold;background:#9CBCE2\"\u003e\n\n\u003ctd\u003e\u003c/td\u003e\n\n\u003c/tr\u003e\n\n\u003ctr\u003e\n\n\u003ctd\u003e\n\n\u003ctable style=\"font-family:Arial,Verdana,Times;font-size:12px;text-align:left;width:100%;border-spacing:0px; padding:3px 3px 3px 3px\"\u003e\n\n\u003ctr\u003e\n\n\u003ctd\u003eEntity\u003c/td\u003e\n\n\u003ctd\u003eLWPolyline\u003c/td\u003e\n\n\u003c/tr\u003e\n\n\u003ctr bgcolor=\"#D4E4F3\"\u003e\n\n\u003ctd\u003eLayer\u003c/td\u003e\n\n\u003ctd\u003eall_20\u003c/td\u003e\n\n\u003c/tr\u003e\n\n\u003ctr\u003e\n\n\u003ctd\u003eColor\u003c/td\u003e\n\n\u003ctd\u003e5\u003c/td\u003e\n\n\u003c/tr\u003e\n\n\u003ctr bgcolor=\"#D4E4F3\"\u003e\n\n\u003ctd\u003eLinetype\u003c/td\u003e\n\n\u003ctd\u003eContinuous\u003c/td\u003e\n\n\u003c/tr\u003e\n\n\u003ctr\u003e\n\n\u003ctd\u003eElevation\u003c/td\u003e\n\n\u003ctd\u003e0\u003c/td\u003e\n\n\u003c/tr\u003e\n\n\u003ctr bgcolor=\"#D4E4F3\"\u003e\n\n\u003ctd\u003eLineWt\u003c/td\u003e\n\n\u003ctd\u003e25\u003c/td\u003e\n\n\u003c/tr\u003e\n\n\u003ctr\u003e\n\n\u003ctd\u003eRefName\u003c/td\u003e\n\n\u003ctd\u003e\u003c/td\u003e\n\n\u003c/tr\u003e\n\n\u003c/table\u003e\n\n\u003c/td\u003e\n\n\u003c/tr\u003e\n\n\u003c/table\u003e\n\n\u003c/body\u003e\n\n\u003c/html\u003e","Shape_Length":0.056613419548587375}}]}